{"stats":{"minecraft:custom":{"minecraft:time_since_rest":599,"minecraft:deaths":2,"minecraft:play_time":6102,"minecraft:sprint_one_cm":15029,"minecraft:damage_taken":472,"minecraft:walk_one_cm":19320,"minecraft:drop":4,"minecraft:jump":107,"minecraft:damage_dealt":896,"minecraft:leave_game":1,"minecraft:time_since_death":573,"minecraft:total_world_time":6102,"minecraft:player_kills":3,"minecraft:interact_with_crafting_table":2,"minecraft:fall_one_cm":2717,"minecraft:fly_one_cm":21193},"minecraft:killed_by":{"minecraft:player":2},"minecraft:crafted":{"minecraft:stone_sword":1,"minecraft:oak_planks":20,"minecraft:crafting_table":1,"minecraft:stick":4,"minecraft:wooden_pickaxe":1},"minecraft:mined":{"minecraft:short_grass":7,"minecraft:poppy":1,"minecraft:oak_log":5,"minecraft:dirt":1,"minecraft:stone":2},"minecraft:dropped":{"minecraft:wheat_seeds":1,"minecraft:netherite_sword":3},"minecraft:picked_up":{"minecraft:wheat_seeds":3,"minecraft:netherite_sword":3,"minecraft:oak_log":5,"minecraft:poppy":1,"minecraft:oak_sapling":3,"minecraft:dirt":1,"minecraft:cobblestone":2},"minecraft:used":{"minecraft:netherite_sword":10,"minecraft:stone_sword":7,"minecraft:dirt":1,"minecraft:crafting_table":1,"minecraft:wooden_pickaxe":2}},"DataVersion":3953}