{"stats":{"minecraft:custom":{"minecraft:time_since_rest":27,"minecraft:crouch_one_cm":366,"minecraft:play_time":2955,"minecraft:sprint_one_cm":9661,"minecraft:walk_one_cm":5607,"minecraft:damage_taken":1095,"minecraft:deaths":4,"minecraft:sneak_time":112,"minecraft:drop":2,"minecraft:jump":117,"minecraft:damage_dealt":437,"minecraft:time_since_death":2,"minecraft:total_world_time":2955,"minecraft:fly_one_cm":23594,"minecraft:fall_one_cm":3592,"minecraft:player_kills":2},"minecraft:killed_by":{"minecraft:player":3},"minecraft:mined":{"minecraft:short_grass":9,"minecraft:acacia_log":1,"minecraft:tall_grass":1},"minecraft:dropped":{"minecraft:netherite_sword":2},"minecraft:picked_up":{"minecraft:stick":1,"minecraft:stone_sword":1,"minecraft:wheat_seeds":4,"minecraft:acacia_log":2,"minecraft:wooden_pickaxe":1,"minecraft:netherite_sword":3,"minecraft:oak_sapling":3,"minecraft:oak_planks":11,"minecraft:dirt":1},"minecraft:used":{"minecraft:netherite_sword":8,"minecraft:oak_planks":6}},"DataVersion":3953}