{"stats":{"minecraft:dropped":{"minecraft:wheat_seeds":1},"minecraft:custom":{"minecraft:jump":59,"minecraft:time_since_rest":2041,"minecraft:damage_dealt":0,"minecraft:sprint_one_cm":4491,"minecraft:play_time":2041,"minecraft:time_since_death":2041,"minecraft:walk_one_cm":873,"minecraft:total_world_time":2041,"minecraft:drop":1,"minecraft:fall_one_cm":1463,"minecraft:fly_one_cm":13044},"minecraft:picked_up":{"minecraft:wheat_seeds":1},"minecraft:mined":{"minecraft:short_grass":8,"minecraft:tall_grass":2}},"DataVersion":3953}