{"stats":{"minecraft:crafted":{"minecraft:grindstone":2,"minecraft:oak_planks":816,"minecraft:barrel":2,"minecraft:dark_oak_boat":1,"minecraft:stone":12,"minecraft:cobblestone_stairs":76,"minecraft:diamond_shovel":3,"minecraft:lever":2,"minecraft:bookshelf":27,"minecraft:hopper":21,"minecraft:diamond_helmet":1,"minecraft:bow":8,"minecraft:diamond_leggings":1,"minecraft:chest":39,"minecraft:oak_fence":24,"minecraft:smoker":1,"minecraft:oak_slab":12,"minecraft:emerald":1469,"minecraft:diamond_axe":0,"minecraft:crafting_table":3,"minecraft:iron_helmet":10,"minecraft:baked_potato":200,"minecraft:smithing_table":1,"minecraft:fletching_table":1,"minecraft:lectern":1,"minecraft:diamond_pickaxe":1,"minecraft:book":4,"minecraft:paper":36,"minecraft:charcoal":59,"minecraft:shield":12,"minecraft:stick":672,"minecraft:stone_slab":12,"minecraft:iron_pickaxe":2,"minecraft:shears":1,"minecraft:coarse_dirt":4,"minecraft:stone_shovel":1,"minecraft:tripwire_hook":4,"minecraft:furnace":2,"minecraft:bone_meal":6,"minecraft:oak_trapdoor":4,"minecraft:flint_and_steel":1,"minecraft:iron_axe":13,"minecraft:ladder":6,"minecraft:iron_hoe":1,"minecraft:stone_pickaxe":11,"minecraft:diamond_boots":1,"minecraft:dark_oak_planks":220,"minecraft:wheat":99,"minecraft:diamond_sword":1,"minecraft:enchanting_table":1,"minecraft:jungle_slab":12,"minecraft:bread":38,"minecraft:air":0,"minecraft:jungle_planks":52,"minecraft:oak_fence_gate":1,"minecraft:white_wool":31,"minecraft:wooden_axe":1,"minecraft:oak_stairs":72,"minecraft:iron_shovel":4,"minecraft:white_bed":11,"minecraft:torch":312,"minecraft:diamond_chestplate":1},"minecraft:used":{"minecraft:iron_shovel":951,"minecraft:ladder":12,"minecraft:poppy":1,"minecraft:chest":30,"minecraft:white_terracotta":109,"minecraft:shield":40,"minecraft:bell":4,"minecraft:rotten_flesh":4,"minecraft:carrot":249,"minecraft:tuff":3,"minecraft:jungle_sapling":1,"minecraft:dark_oak_boat":3,"minecraft:furnace":1,"minecraft:oak_sapling":18,"minecraft:egg":6,"minecraft:potato":189,"minecraft:leather_leggings":1,"minecraft:oak_planks":419,"minecraft:sugar_cane":29,"minecraft:composter":2,"minecraft:diamond_axe":1379,"minecraft:white_wool":1,"minecraft:blast_furnace":1,"minecraft:shears":2,"minecraft:lever":4,"minecraft:dark_oak_log":21,"minecraft:string":15,"minecraft:bread":50,"minecraft:lectern":8,"minecraft:gravel":139,"minecraft:diamond_sword":401,"minecraft:grindstone":2,"minecraft:smithing_table":1,"minecraft:andesite":2,"minecraft:coarse_dirt":8,"minecraft:bone_meal":6,"minecraft:oak_fence":29,"minecraft:oak_trapdoor":6,"minecraft:enchanting_table":1,"minecraft:flint_and_steel":21,"minecraft:stone_shovel":128,"minecraft:torch":382,"minecraft:brewing_stand":1,"minecraft:dirt":11095,"minecraft:white_carpet":4,"minecraft:hopper":22,"minecraft:diamond_helmet":1,"minecraft:granite":122,"minecraft:oak_fence_gate":1,"minecraft:iron_hoe":128,"minecraft:wooden_axe":63,"minecraft:bookshelf":22,"minecraft:iron_axe":688,"minecraft:oak_stairs":469,"minecraft:barrel":9,"minecraft:diamond_chestplate":2,"minecraft:tripwire_hook":7,"minecraft:beef":4,"minecraft:cooked_beef":33,"minecraft:cobbled_deepslate":29,"minecraft:calcite":2,"minecraft:wheat_seeds":161,"minecraft:water_bucket":64,"minecraft:cobblestone_stairs":93,"minecraft:baked_potato":164,"minecraft:cartography_table":1,"minecraft:fletching_table":2,"minecraft:mossy_cobblestone":58,"minecraft:terracotta":2,"minecraft:oak_slab":20,"minecraft:crafting_table":6,"minecraft:white_bed":16,"minecraft:smoker":1,"minecraft:oak_log":23,"minecraft:diamond_pickaxe":5774,"minecraft:apple":1,"minecraft:diamond_shovel":4688,"minecraft:iron_pickaxe":333,"minecraft:cobblestone":3237,"minecraft:white_banner":3,"minecraft:bucket":62,"minecraft:yellow_bed":6},"minecraft:custom":{"minecraft:animals_bred":40,"minecraft:interact_with_crafting_table":81,"minecraft:open_barrel":16,"minecraft:bell_ring":86,"minecraft:leave_game":13,"minecraft:time_since_death":480633,"minecraft:sprint_one_cm":3614393,"minecraft:damage_blocked_by_shield":2878,"minecraft:drop":279,"minecraft:talked_to_villager":320,"minecraft:play_time":1021921,"minecraft:deaths":5,"minecraft:jump":18654,"minecraft:walk_on_water_one_cm":63303,"minecraft:enchant_item":18,"minecraft:interact_with_furnace":32,"minecraft:traded_with_villager":1558,"minecraft:interact_with_cartography_table":2,"minecraft:sleep_in_bed":63,"minecraft:damage_dealt":90899,"minecraft:crouch_one_cm":308690,"minecraft:interact_with_smoker":40,"minecraft:mob_kills":197,"minecraft:inspect_hopper":106,"minecraft:climb_one_cm":75305,"minecraft:walk_one_cm":2041642,"minecraft:sneak_time":86377,"minecraft:walk_under_water_one_cm":43016,"minecraft:boat_one_cm":138043,"minecraft:interact_with_blast_furnace":1,"minecraft:total_world_time":1021921,"minecraft:interact_with_grindstone":16,"minecraft:time_since_rest":5594,"minecraft:damage_taken":7669,"minecraft:swim_one_cm":59391,"minecraft:fly_one_cm":4604606,"minecraft:open_chest":506,"minecraft:fall_one_cm":527904},"minecraft:broken":{"minecraft:iron_shovel":4,"minecraft:diamond_shovel":1,"minecraft:wooden_axe":1,"minecraft:shield":1,"minecraft:iron_axe":4,"minecraft:iron_pickaxe":1},"minecraft:dropped":{"minecraft:baked_potato":1,"minecraft:flint":3,"minecraft:cornflower":4,"minecraft:gravel":6,"minecraft:wheat":1,"minecraft:rotten_flesh":25,"minecraft:azure_bluet":11,"minecraft:white_bed":1,"minecraft:carrot":37,"minecraft:poppy":81,"minecraft:leather_boots":2,"minecraft:leather_leggings":2,"minecraft:arrow":6,"minecraft:egg":3,"minecraft:wheat_seeds":161,"minecraft:poisonous_potato":1,"minecraft:iron_helmet":20,"minecraft:cobblestone":1,"minecraft:stick":6,"minecraft:oxeye_daisy":5,"minecraft:iron_axe":19,"minecraft:string":2704,"minecraft:bucket":1,"minecraft:dandelion":37,"minecraft:tuff":2,"minecraft:shield":23,"minecraft:oak_sapling":1,"minecraft:bow":11,"minecraft:stone_pickaxe":22},"minecraft:killed_by":{"minecraft:creeper":2,"minecraft:iron_golem":1},"minecraft:killed":{"minecraft:spider":12,"minecraft:skeleton":28,"minecraft:iron_golem":75,"minecraft:creeper":9,"minecraft:sheep":5,"minecraft:pillager":2,"minecraft:zombie":29,"minecraft:cow":23,"minecraft:drowned":1,"minecraft:bat":1,"minecraft:villager":2,"minecraft:enderman":1},"minecraft:picked_up":{"minecraft:wooden_axe":1,"minecraft:wheat":171,"minecraft:diamond_sword":3,"minecraft:oak_stairs":397,"minecraft:brewing_stand":1,"minecraft:amethyst_block":27,"minecraft:string":42344,"minecraft:beetroot":1,"minecraft:diamond_leggings":3,"minecraft:cobbled_deepslate":184,"minecraft:calcite":2,"minecraft:stick":68,"minecraft:composter":4,"minecraft:oak_fence":25,"minecraft:torch":221,"minecraft:pointed_dripstone":75,"minecraft:diorite":3,"minecraft:rotten_flesh":34,"minecraft:armadillo_scute":1,"minecraft:white_terracotta":109,"minecraft:obsidian":37,"minecraft:cobblestone":4066,"minecraft:cooked_beef":42,"minecraft:andesite":2,"minecraft:water_bucket":3,"minecraft:jungle_log":38,"minecraft:dark_oak_boat":4,"minecraft:potato":467,"minecraft:flint":18,"minecraft:tuff":14,"minecraft:lapis_lazuli":406,"minecraft:dirt":15570,"minecraft:leather_boots":2,"minecraft:bone":44,"minecraft:stonecutter":1,"minecraft:bow":5,"minecraft:wheat_seeds":654,"minecraft:raw_gold":69,"minecraft:bell":4,"minecraft:diamond_helmet":3,"minecraft:fletching_table":1,"minecraft:moss_block":8,"minecraft:oak_planks":383,"minecraft:oak_pressure_plate":2,"minecraft:poisonous_potato":2,"minecraft:grass_block":1,"minecraft:dark_oak_log":151,"minecraft:barrel":7,"minecraft:mossy_cobblestone":58,"minecraft:yellow_carpet":4,"minecraft:diamond":94,"minecraft:lever":1,"minecraft:granite":122,"minecraft:emerald":68,"minecraft:oak_sapling":57,"minecraft:diamond_pickaxe":3,"minecraft:crafting_table":5,"minecraft:coarse_dirt":4,"minecraft:azure_bluet":11,"minecraft:ominous_bottle":1,"minecraft:ladder":6,"minecraft:clay_ball":16,"minecraft:leather_leggings":3,"minecraft:shield":12,"minecraft:cornflower":4,"minecraft:oak_trapdoor":24,"minecraft:iron_axe":11,"minecraft:white_carpet":5,"minecraft:compass":2,"minecraft:iron_shovel":1,"minecraft:cartography_table":2,"minecraft:beef":21,"minecraft:jungle_sapling":1,"minecraft:iron_nugget":18,"minecraft:poppy":96,"minecraft:lectern":8,"minecraft:sugar_cane":197,"minecraft:chest":12,"minecraft:egg":13,"minecraft:dark_oak_sapling":6,"minecraft:raw_iron":214,"minecraft:oak_door":16,"minecraft:carrot":425,"minecraft:redstone":324,"minecraft:dark_oak_planks":21,"minecraft:diamond_chestplate":3,"minecraft:arrow":63,"minecraft:beetroot_seeds":5,"minecraft:diamond_boots":3,"minecraft:hay_block":11,"minecraft:gold_ingot":1,"minecraft:mutton":14,"minecraft:white_wool":5,"minecraft:oxeye_daisy":7,"minecraft:stripped_oak_log":49,"minecraft:clock":2,"minecraft:leather":27,"minecraft:filled_map":2,"minecraft:oak_log":455,"minecraft:yellow_bed":6,"minecraft:gunpowder":14,"minecraft:cobblestone_stairs":17,"minecraft:paper":42,"minecraft:white_banner":3,"minecraft:coast_armor_trim_smithing_template":4,"minecraft:apple":5,"minecraft:kelp":28,"minecraft:iron_ingot":317,"minecraft:stone_pickaxe":11,"minecraft:stripped_oak_wood":1,"minecraft:oak_slab":20,"minecraft:dandelion":52,"minecraft:dripstone_block":90,"minecraft:gravel":148,"minecraft:amethyst_shard":24,"minecraft:blast_furnace":1,"minecraft:white_bed":7,"minecraft:spider_eye":4,"minecraft:iron_helmet":10,"minecraft:diamond_axe":3,"minecraft:terracotta":2,"minecraft:baked_potato":97,"minecraft:coal":227,"minecraft:hopper":1},"minecraft:mined":{"minecraft:large_amethyst_bud":1,"minecraft:white_bed":5,"minecraft:oak_sapling":1,"minecraft:farmland":26,"minecraft:cobblestone_stairs":17,"minecraft:sculk_vein":2,"minecraft:jungle_leaves":22,"minecraft:brewing_stand":1,"minecraft:obsidian":37,"minecraft:granite":124,"minecraft:budding_amethyst":1,"minecraft:grass_block":10460,"minecraft:yellow_carpet":1,"minecraft:jungle_log":30,"minecraft:oak_pressure_plate":1,"minecraft:composter":4,"minecraft:hopper":1,"minecraft:oxeye_daisy":2,"minecraft:iron_ore":48,"minecraft:fire":9,"minecraft:barrel":7,"minecraft:fletching_table":1,"minecraft:deepslate_lapis_ore":20,"minecraft:azure_bluet":8,"minecraft:pointed_dripstone":1,"minecraft:dirt_path":433,"minecraft:oak_stairs":400,"minecraft:tripwire":9,"minecraft:deepslate_redstone_ore":29,"minecraft:amethyst_cluster":2,"minecraft:clay":4,"minecraft:torch":15,"minecraft:blast_furnace":1,"minecraft:calcite":2,"minecraft:poppy":4,"minecraft:chest":12,"minecraft:cobblestone":443,"minecraft:sugar_cane":92,"minecraft:oak_planks":377,"minecraft:wall_torch":6,"minecraft:amethyst_block":9,"minecraft:white_terracotta":109,"minecraft:wheat":203,"minecraft:stripped_oak_wood":1,"minecraft:oak_log":452,"minecraft:beetroots":4,"minecraft:dirt":4963,"minecraft:stonecutter":1,"minecraft:oak_leaves":475,"minecraft:deepslate":95,"minecraft:diamond_ore":1,"minecraft:tuff":8,"minecraft:mossy_cobblestone":58,"minecraft:dark_oak_leaves":2,"minecraft:deepslate_diamond_ore":36,"minecraft:oak_door":3,"minecraft:dark_oak_log":55,"minecraft:ladder":6,"minecraft:cartography_table":2,"minecraft:hay_block":11,"minecraft:oak_trapdoor":22,"minecraft:carrots":204,"minecraft:andesite":2,"minecraft:bell":4,"minecraft:potatoes":145,"minecraft:deepslate_iron_ore":41,"minecraft:vine":24,"minecraft:stripped_oak_log":49,"minecraft:stone":3822,"minecraft:oak_slab":20,"minecraft:glass_pane":37,"minecraft:dandelion":26,"minecraft:oak_fence":25,"minecraft:crafting_table":3,"minecraft:cornflower":1,"minecraft:short_grass":674,"minecraft:sculk_sensor":1,"minecraft:lectern":8,"minecraft:tall_grass":92,"minecraft:deepslate_gold_ore":23,"minecraft:sculk":8,"minecraft:diorite":1,"minecraft:coarse_dirt":4,"minecraft:white_carpet":1,"minecraft:yellow_bed":6,"minecraft:coal_ore":205,"minecraft:gravel":160,"minecraft:dripstone_block":32,"minecraft:terracotta":2,"minecraft:fern":14}},"DataVersion":3953}