{"stats":{"minecraft:crafted":{"minecraft:grindstone":2,"minecraft:oak_planks":1772,"minecraft:smooth_stone":6,"minecraft:barrel":2,"minecraft:oak_sign":18,"minecraft:dark_oak_boat":1,"minecraft:stone":2442,"minecraft:cobblestone_stairs":76,"minecraft:diamond_shovel":3,"minecraft:lever":3,"minecraft:bookshelf":42,"minecraft:glass":46,"minecraft:hopper":61,"minecraft:stone_brick_slab":2,"minecraft:repeater":8,"minecraft:diamond_helmet":1,"minecraft:bow":16,"minecraft:diamond_leggings":1,"minecraft:chest":151,"minecraft:rail":48,"minecraft:stone_bricks":2285,"minecraft:oak_fence":90,"minecraft:name_tag":4,"minecraft:smoker":1,"minecraft:dropper":1,"minecraft:oak_slab":24,"minecraft:emerald":2209,"minecraft:cauldron":4,"minecraft:soul_campfire":9,"minecraft:diamond_axe":0,"minecraft:crafting_table":3,"minecraft:baked_potato":200,"minecraft:iron_helmet":10,"minecraft:smithing_table":1,"minecraft:fletching_table":1,"minecraft:dispenser":8,"minecraft:lectern":6,"minecraft:book":9,"minecraft:diamond_pickaxe":1,"minecraft:paper":114,"minecraft:charcoal":123,"minecraft:shield":12,"minecraft:stick":1412,"minecraft:stone_slab":12,"minecraft:iron_ingot":167,"minecraft:iron_pickaxe":2,"minecraft:iron_block":35,"minecraft:redstone_torch":16,"minecraft:shears":1,"minecraft:coarse_dirt":4,"minecraft:stone_shovel":1,"minecraft:tripwire_hook":4,"minecraft:diamond_hoe":1,"minecraft:furnace":11,"minecraft:blast_furnace":1,"minecraft:dark_oak_trapdoor":12,"minecraft:bone_meal":24,"minecraft:oak_trapdoor":4,"minecraft:flint_and_steel":1,"minecraft:iron_axe":13,"minecraft:ladder":39,"minecraft:iron_hoe":1,"minecraft:stone_pickaxe":11,"minecraft:diamond_boots":1,"minecraft:dark_oak_planks":396,"minecraft:minecart":1,"minecraft:wheat":99,"minecraft:diamond_sword":1,"minecraft:enchanting_table":1,"minecraft:bucket":12,"minecraft:enchanted_book":11,"minecraft:jungle_slab":12,"minecraft:bread":38,"minecraft:air":0,"minecraft:jungle_planks":116,"minecraft:oak_fence_gate":101,"minecraft:white_wool":144,"minecraft:oak_stairs":72,"minecraft:wooden_axe":1,"minecraft:iron_shovel":4,"minecraft:anvil":6,"minecraft:white_bed":43,"minecraft:acacia_planks":580,"minecraft:torch":804,"minecraft:diamond_chestplate":1},"minecraft:used":{"minecraft:iron_shovel":1001,"minecraft:chiseled_deepslate":67,"minecraft:dispenser":9,"minecraft:diamond_hoe":231,"minecraft:oak_sign":18,"minecraft:ladder":33,"minecraft:poppy":2,"minecraft:chest":108,"minecraft:white_terracotta":109,"minecraft:shield":40,"minecraft:zombie_spawn_egg":4,"minecraft:bell":4,"minecraft:rotten_flesh":4,"minecraft:soul_campfire":9,"minecraft:soul_sand":4,"minecraft:carrot":249,"minecraft:tuff":3,"minecraft:obsidian":10,"minecraft:jungle_sapling":1,"minecraft:glass":6,"minecraft:lava_bucket":6,"minecraft:villager_spawn_egg":32,"minecraft:stone_brick_stairs":261,"minecraft:stone_bricks":2004,"minecraft:repeater":8,"minecraft:dark_oak_boat":3,"minecraft:oak_sapling":18,"minecraft:furnace":9,"minecraft:egg":7,"minecraft:potato":189,"minecraft:dark_oak_sapling":6,"minecraft:diorite":1,"minecraft:leather_leggings":1,"minecraft:dropper":2,"minecraft:oak_planks":445,"minecraft:sugar_cane":45,"minecraft:composter":2,"minecraft:diamond_axe":2210,"minecraft:white_wool":1,"minecraft:dark_oak_trapdoor":9,"minecraft:blast_furnace":2,"minecraft:dripstone_block":5,"minecraft:shears":2,"minecraft:lever":8,"minecraft:dark_oak_log":21,"minecraft:string":21,"minecraft:bread":50,"minecraft:lectern":243,"minecraft:gravel":145,"minecraft:diamond_sword":785,"minecraft:grindstone":2,"minecraft:smithing_table":1,"minecraft:andesite":2,"minecraft:coarse_dirt":8,"minecraft:bone_meal":63,"minecraft:oak_fence":78,"minecraft:oak_trapdoor":7,"minecraft:enchanting_table":1,"minecraft:flint_and_steel":23,"minecraft:stone_shovel":128,"minecraft:redstone":24,"minecraft:netherrack":131,"minecraft:torch":955,"minecraft:brewing_stand":1,"minecraft:dirt":16269,"minecraft:anvil":6,"minecraft:white_carpet":4,"minecraft:hopper":66,"minecraft:diamond_helmet":1,"minecraft:granite":262,"minecraft:oak_fence_gate":104,"minecraft:iron_hoe":128,"minecraft:stone_brick_slab":505,"minecraft:dark_oak_planks":64,"minecraft:wooden_axe":63,"minecraft:chipped_anvil":1,"minecraft:bookshelf":29,"minecraft:iron_axe":688,"minecraft:oak_stairs":469,"minecraft:barrel":9,"minecraft:diamond_chestplate":2,"minecraft:tripwire_hook":7,"minecraft:beef":4,"minecraft:minecart":8,"minecraft:cooked_beef":122,"minecraft:cobbled_deepslate":29,"minecraft:pointed_dripstone":4,"minecraft:calcite":2,"minecraft:wheat_seeds":1096,"minecraft:water_bucket":377,"minecraft:cobblestone_stairs":93,"minecraft:baked_potato":164,"minecraft:cartography_table":1,"minecraft:cauldron":4,"minecraft:fletching_table":2,"minecraft:stonecutter":11,"minecraft:mossy_cobblestone":58,"minecraft:rail":126,"minecraft:terracotta":2,"minecraft:oak_slab":20,"minecraft:crafting_table":14,"minecraft:white_bed":50,"minecraft:smoker":1,"minecraft:oak_log":29,"minecraft:diamond_pickaxe":11919,"minecraft:apple":1,"minecraft:diamond_shovel":6212,"minecraft:iron_pickaxe":966,"minecraft:cobblestone":4509,"minecraft:white_banner":3,"minecraft:bucket":395,"minecraft:yellow_bed":6},"minecraft:custom":{"minecraft:animals_bred":104,"minecraft:interact_with_crafting_table":190,"minecraft:open_barrel":17,"minecraft:bell_ring":86,"minecraft:leave_game":14,"minecraft:time_since_death":930063,"minecraft:sprint_one_cm":6055093,"minecraft:damage_blocked_by_shield":2878,"minecraft:drop":470,"minecraft:talked_to_villager":826,"minecraft:play_time":2027503,"minecraft:deaths":6,"minecraft:jump":31337,"minecraft:walk_on_water_one_cm":131366,"minecraft:enchant_item":18,"minecraft:interact_with_furnace":527,"minecraft:traded_with_villager":2338,"minecraft:interact_with_cartography_table":2,"minecraft:sleep_in_bed":109,"minecraft:damage_dealt":128351,"minecraft:crouch_one_cm":513182,"minecraft:interact_with_smoker":40,"minecraft:use_cauldron":22,"minecraft:inspect_dispenser":29,"minecraft:inspect_dropper":2,"minecraft:mob_kills":326,"minecraft:interact_with_anvil":11,"minecraft:inspect_hopper":259,"minecraft:climb_one_cm":104147,"minecraft:walk_one_cm":3575416,"minecraft:sneak_time":142193,"minecraft:walk_under_water_one_cm":49233,"minecraft:boat_one_cm":138043,"minecraft:interact_with_blast_furnace":8,"minecraft:total_world_time":2027503,"minecraft:interact_with_grindstone":16,"minecraft:interact_with_stonecutter":22,"minecraft:time_since_rest":16243,"minecraft:damage_taken":10313,"minecraft:swim_one_cm":68169,"minecraft:fly_one_cm":8009016,"minecraft:open_chest":1170,"minecraft:fall_one_cm":842286},"minecraft:broken":{"minecraft:iron_shovel":4,"minecraft:diamond_shovel":1,"minecraft:wooden_axe":1,"minecraft:shield":1,"minecraft:iron_axe":4,"minecraft:iron_pickaxe":2},"minecraft:dropped":{"minecraft:baked_potato":1,"minecraft:flint":3,"minecraft:dirt":13,"minecraft:cornflower":6,"minecraft:bone":2,"minecraft:gravel":6,"minecraft:wheat":640,"minecraft:rotten_flesh":48,"minecraft:azure_bluet":12,"minecraft:white_bed":1,"minecraft:carrot":37,"minecraft:poppy":168,"minecraft:leather_boots":2,"minecraft:ladder":2,"minecraft:leather_leggings":2,"minecraft:arrow":11,"minecraft:netherrack":1,"minecraft:egg":3,"minecraft:iron_ingot":30,"minecraft:water_bucket":1,"minecraft:enchanted_book":2,"minecraft:wheat_seeds":1405,"minecraft:bookshelf":1,"minecraft:poisonous_potato":1,"minecraft:iron_helmet":20,"minecraft:cobblestone":30,"minecraft:stick":6,"minecraft:oxeye_daisy":7,"minecraft:iron_axe":19,"minecraft:string":6537,"minecraft:bucket":1,"minecraft:dandelion":51,"minecraft:redstone":1,"minecraft:tuff":2,"minecraft:shield":23,"minecraft:oak_sapling":1,"minecraft:stone_bricks":256,"minecraft:bow":11,"minecraft:stone_pickaxe":22},"minecraft:killed_by":{"minecraft:creeper":2,"minecraft:iron_golem":2},"minecraft:killed":{"minecraft:zombified_piglin":1,"minecraft:spider":18,"minecraft:skeleton":33,"minecraft:iron_golem":100,"minecraft:creeper":19,"minecraft:sheep":5,"minecraft:trader_llama":4,"minecraft:pillager":2,"minecraft:zombie":45,"minecraft:cow":74,"minecraft:drowned":1,"minecraft:bat":1,"minecraft:wandering_trader":2,"minecraft:villager":3,"minecraft:enderman":1},"minecraft:picked_up":{"minecraft:wooden_axe":1,"minecraft:chiseled_deepslate":5,"minecraft:wheat":904,"minecraft:lead":4,"minecraft:diamond_sword":4,"minecraft:oak_stairs":399,"minecraft:enchanted_book":2,"minecraft:stone_brick_stairs":13,"minecraft:brewing_stand":1,"minecraft:amethyst_block":27,"minecraft:string":53205,"minecraft:dark_oak_trapdoor":1,"minecraft:raw_copper":45,"minecraft:beetroot":2,"minecraft:diamond_leggings":4,"minecraft:cobbled_deepslate":184,"minecraft:calcite":2,"minecraft:stick":97,"minecraft:composter":4,"minecraft:oak_fence":25,"minecraft:acacia_log":145,"minecraft:torch":302,"minecraft:pointed_dripstone":75,"minecraft:diorite":4,"minecraft:rotten_flesh":45,"minecraft:armadillo_scute":1,"minecraft:bookshelf":1,"minecraft:white_terracotta":109,"minecraft:obsidian":37,"minecraft:cobblestone":8980,"minecraft:cooked_beef":175,"minecraft:andesite":2,"minecraft:water_bucket":6,"minecraft:jungle_log":38,"minecraft:dark_oak_boat":4,"minecraft:potato":675,"minecraft:flint":27,"minecraft:tuff":14,"minecraft:lapis_lazuli":406,"minecraft:dirt":20200,"minecraft:leather_boots":2,"minecraft:bone":44,"minecraft:chipped_anvil":1,"minecraft:stonecutter":11,"minecraft:bow":5,"minecraft:wheat_seeds":2771,"minecraft:raw_gold":69,"minecraft:bell":4,"minecraft:fletching_table":1,"minecraft:diamond_helmet":4,"minecraft:moss_block":8,"minecraft:oak_planks":412,"minecraft:dropper":2,"minecraft:oak_pressure_plate":2,"minecraft:poisonous_potato":2,"minecraft:sand":9,"minecraft:grass_block":1,"minecraft:dark_oak_log":195,"minecraft:barrel":7,"minecraft:mossy_cobblestone":58,"minecraft:dispenser":1,"minecraft:yellow_carpet":4,"minecraft:diamond":94,"minecraft:lever":4,"minecraft:granite":262,"minecraft:emerald":148,"minecraft:oak_sapling":69,"minecraft:netherrack":14,"minecraft:diamond_pickaxe":4,"minecraft:crafting_table":13,"minecraft:coarse_dirt":4,"minecraft:azure_bluet":12,"minecraft:ominous_bottle":1,"minecraft:ladder":6,"minecraft:clay_ball":16,"minecraft:leather_leggings":3,"minecraft:shield":12,"minecraft:cornflower":6,"minecraft:oak_trapdoor":25,"minecraft:iron_axe":11,"minecraft:white_carpet":5,"minecraft:compass":2,"minecraft:iron_shovel":1,"minecraft:cartography_table":2,"minecraft:beef":21,"minecraft:jungle_sapling":1,"minecraft:iron_nugget":18,"minecraft:poppy":130,"minecraft:lectern":238,"minecraft:minecart":8,"minecraft:sugar_cane":439,"minecraft:chest":22,"minecraft:egg":17,"minecraft:dark_oak_sapling":14,"minecraft:raw_iron":214,"minecraft:oak_door":16,"minecraft:carrot":559,"minecraft:redstone":337,"minecraft:dark_oak_planks":21,"minecraft:diamond_chestplate":4,"minecraft:arrow":66,"minecraft:beetroot_seeds":10,"minecraft:diamond_boots":4,"minecraft:hay_block":11,"minecraft:gold_ingot":1,"minecraft:mutton":14,"minecraft:white_wool":5,"minecraft:rail":80,"minecraft:oxeye_daisy":9,"minecraft:stripped_oak_log":49,"minecraft:clock":2,"minecraft:leather":91,"minecraft:filled_map":2,"minecraft:oak_log":603,"minecraft:yellow_bed":6,"minecraft:gunpowder":16,"minecraft:cobblestone_stairs":17,"minecraft:paper":66,"minecraft:white_banner":3,"minecraft:coast_armor_trim_smithing_template":4,"minecraft:stone_bricks":371,"minecraft:apple":15,"minecraft:kelp":42,"minecraft:oak_fence_gate":3,"minecraft:stone_pickaxe":11,"minecraft:iron_ingot":430,"minecraft:stripped_oak_wood":1,"minecraft:acacia_sapling":21,"minecraft:soul_sand":34,"minecraft:book":21,"minecraft:oak_slab":20,"minecraft:stone_brick_slab":21,"minecraft:dandelion":66,"minecraft:dripstone_block":91,"minecraft:gravel":214,"minecraft:amethyst_shard":24,"minecraft:blast_furnace":1,"minecraft:white_bed":9,"minecraft:spider_eye":5,"minecraft:diamond_shovel":1,"minecraft:iron_helmet":10,"minecraft:diamond_axe":4,"minecraft:terracotta":2,"minecraft:baked_potato":133,"minecraft:coal":383,"minecraft:hopper":12},"minecraft:mined":{"minecraft:large_amethyst_bud":1,"minecraft:white_bed":7,"minecraft:oak_sapling":1,"minecraft:farmland":26,"minecraft:cobblestone_stairs":17,"minecraft:sculk_vein":2,"minecraft:jungle_leaves":22,"minecraft:brewing_stand":1,"minecraft:obsidian":37,"minecraft:granite":265,"minecraft:budding_amethyst":1,"minecraft:acacia_log":150,"minecraft:grass_block":14665,"minecraft:yellow_carpet":1,"minecraft:jungle_log":30,"minecraft:oak_pressure_plate":1,"minecraft:composter":4,"minecraft:hopper":5,"minecraft:oxeye_daisy":3,"minecraft:dark_oak_trapdoor":1,"minecraft:iron_ore":48,"minecraft:fire":10,"minecraft:barrel":7,"minecraft:fletching_table":1,"minecraft:deepslate_lapis_ore":20,"minecraft:azure_bluet":9,"minecraft:pointed_dripstone":1,"minecraft:dirt_path":450,"minecraft:oak_stairs":403,"minecraft:tripwire":15,"minecraft:deepslate_redstone_ore":29,"minecraft:amethyst_cluster":2,"minecraft:clay":4,"minecraft:torch":39,"minecraft:blast_furnace":1,"minecraft:calcite":2,"minecraft:poppy":7,"minecraft:chest":18,"minecraft:cobblestone":487,"minecraft:sugar_cane":172,"minecraft:oak_planks":407,"minecraft:wall_torch":12,"minecraft:amethyst_block":9,"minecraft:white_terracotta":109,"minecraft:wheat":260,"minecraft:stripped_oak_wood":1,"minecraft:stone_brick_stairs":13,"minecraft:oak_log":601,"minecraft:beetroots":4,"minecraft:oak_fence_gate":3,"minecraft:dark_oak_sapling":2,"minecraft:sand":9,"minecraft:dirt":7696,"minecraft:dispenser":1,"minecraft:stonecutter":11,"minecraft:netherrack":14,"minecraft:oak_leaves":516,"minecraft:deepslate":95,"minecraft:diamond_ore":1,"minecraft:tuff":8,"minecraft:mossy_cobblestone":58,"minecraft:dark_oak_leaves":30,"minecraft:deepslate_diamond_ore":36,"minecraft:oak_door":3,"minecraft:dark_oak_log":99,"minecraft:lever":3,"minecraft:ladder":6,"minecraft:redstone_wire":13,"minecraft:cartography_table":2,"minecraft:hay_block":11,"minecraft:oak_trapdoor":23,"minecraft:carrots":204,"minecraft:andesite":2,"minecraft:chiseled_deepslate":5,"minecraft:bell":4,"minecraft:bookshelf":7,"minecraft:potatoes":173,"minecraft:deepslate_iron_ore":41,"minecraft:vine":29,"minecraft:rail":80,"minecraft:stripped_oak_log":49,"minecraft:stone":9016,"minecraft:oak_slab":20,"minecraft:acacia_leaves":125,"minecraft:glass_pane":41,"minecraft:soul_sand":34,"minecraft:stone_brick_slab":16,"minecraft:dandelion":32,"minecraft:oak_fence":25,"minecraft:crafting_table":11,"minecraft:cornflower":2,"minecraft:short_grass":960,"minecraft:dropper":2,"minecraft:sculk_sensor":1,"minecraft:lectern":238,"minecraft:copper_ore":13,"minecraft:tall_grass":130,"minecraft:deepslate_gold_ore":23,"minecraft:sculk":8,"minecraft:diorite":2,"minecraft:coarse_dirt":4,"minecraft:white_carpet":1,"minecraft:yellow_bed":6,"minecraft:coal_ore":361,"minecraft:gravel":236,"minecraft:dripstone_block":33,"minecraft:terracotta":2,"minecraft:stone_bricks":115,"minecraft:chipped_anvil":1,"minecraft:fern":15}},"DataVersion":3953}