{"stats":{"minecraft:crafted":{"minecraft:grindstone":2,"minecraft:oak_planks":968,"minecraft:smooth_stone":6,"minecraft:barrel":2,"minecraft:oak_sign":9,"minecraft:dark_oak_boat":1,"minecraft:stone":36,"minecraft:cobblestone_stairs":76,"minecraft:diamond_shovel":3,"minecraft:lever":3,"minecraft:bookshelf":28,"minecraft:hopper":22,"minecraft:repeater":8,"minecraft:diamond_helmet":1,"minecraft:bow":16,"minecraft:diamond_leggings":1,"minecraft:chest":44,"minecraft:rail":48,"minecraft:oak_fence":24,"minecraft:smoker":1,"minecraft:dropper":1,"minecraft:oak_slab":24,"minecraft:emerald":2101,"minecraft:diamond_axe":0,"minecraft:crafting_table":3,"minecraft:baked_potato":200,"minecraft:iron_helmet":10,"minecraft:smithing_table":1,"minecraft:fletching_table":1,"minecraft:dispenser":8,"minecraft:lectern":4,"minecraft:book":8,"minecraft:diamond_pickaxe":1,"minecraft:paper":114,"minecraft:charcoal":123,"minecraft:shield":12,"minecraft:stick":760,"minecraft:stone_slab":12,"minecraft:iron_ingot":86,"minecraft:iron_pickaxe":2,"minecraft:iron_block":3,"minecraft:redstone_torch":16,"minecraft:shears":1,"minecraft:coarse_dirt":4,"minecraft:stone_shovel":1,"minecraft:tripwire_hook":4,"minecraft:diamond_hoe":1,"minecraft:furnace":3,"minecraft:blast_furnace":1,"minecraft:dark_oak_trapdoor":8,"minecraft:bone_meal":24,"minecraft:oak_trapdoor":4,"minecraft:flint_and_steel":1,"minecraft:iron_axe":13,"minecraft:ladder":6,"minecraft:iron_hoe":1,"minecraft:stone_pickaxe":11,"minecraft:diamond_boots":1,"minecraft:dark_oak_planks":396,"minecraft:minecart":1,"minecraft:wheat":99,"minecraft:diamond_sword":1,"minecraft:enchanting_table":1,"minecraft:bucket":8,"minecraft:enchanted_book":10,"minecraft:jungle_slab":12,"minecraft:bread":38,"minecraft:air":0,"minecraft:jungle_planks":116,"minecraft:oak_fence_gate":1,"minecraft:white_wool":31,"minecraft:oak_stairs":72,"minecraft:wooden_axe":1,"minecraft:iron_shovel":4,"minecraft:anvil":1,"minecraft:white_bed":11,"minecraft:torch":536,"minecraft:diamond_chestplate":1},"minecraft:used":{"minecraft:iron_shovel":951,"minecraft:chiseled_deepslate":67,"minecraft:dispenser":9,"minecraft:diamond_hoe":231,"minecraft:oak_sign":9,"minecraft:ladder":12,"minecraft:poppy":2,"minecraft:chest":36,"minecraft:white_terracotta":109,"minecraft:shield":40,"minecraft:bell":4,"minecraft:rotten_flesh":4,"minecraft:carrot":249,"minecraft:tuff":3,"minecraft:jungle_sapling":1,"minecraft:repeater":8,"minecraft:dark_oak_boat":3,"minecraft:oak_sapling":18,"minecraft:furnace":1,"minecraft:egg":6,"minecraft:potato":189,"minecraft:dark_oak_sapling":6,"minecraft:leather_leggings":1,"minecraft:dropper":2,"minecraft:oak_planks":441,"minecraft:sugar_cane":45,"minecraft:composter":2,"minecraft:diamond_axe":1741,"minecraft:white_wool":1,"minecraft:dark_oak_trapdoor":8,"minecraft:blast_furnace":2,"minecraft:shears":2,"minecraft:lever":8,"minecraft:dark_oak_log":21,"minecraft:string":21,"minecraft:bread":50,"minecraft:lectern":237,"minecraft:gravel":139,"minecraft:diamond_sword":600,"minecraft:grindstone":2,"minecraft:smithing_table":1,"minecraft:andesite":2,"minecraft:coarse_dirt":8,"minecraft:bone_meal":63,"minecraft:oak_fence":29,"minecraft:oak_trapdoor":7,"minecraft:enchanting_table":1,"minecraft:flint_and_steel":21,"minecraft:stone_shovel":128,"minecraft:redstone":24,"minecraft:torch":625,"minecraft:brewing_stand":1,"minecraft:dirt":14743,"minecraft:anvil":1,"minecraft:white_carpet":4,"minecraft:hopper":23,"minecraft:diamond_helmet":1,"minecraft:granite":262,"minecraft:oak_fence_gate":1,"minecraft:iron_hoe":128,"minecraft:dark_oak_planks":64,"minecraft:wooden_axe":63,"minecraft:chipped_anvil":1,"minecraft:bookshelf":24,"minecraft:iron_axe":688,"minecraft:oak_stairs":469,"minecraft:barrel":9,"minecraft:diamond_chestplate":2,"minecraft:tripwire_hook":7,"minecraft:beef":4,"minecraft:minecart":7,"minecraft:cooked_beef":66,"minecraft:cobbled_deepslate":29,"minecraft:calcite":2,"minecraft:wheat_seeds":648,"minecraft:water_bucket":109,"minecraft:cobblestone_stairs":93,"minecraft:baked_potato":164,"minecraft:cartography_table":1,"minecraft:fletching_table":2,"minecraft:stonecutter":1,"minecraft:mossy_cobblestone":58,"minecraft:rail":121,"minecraft:terracotta":2,"minecraft:oak_slab":20,"minecraft:crafting_table":6,"minecraft:white_bed":16,"minecraft:smoker":1,"minecraft:oak_log":23,"minecraft:diamond_pickaxe":9849,"minecraft:apple":1,"minecraft:diamond_shovel":4688,"minecraft:iron_pickaxe":333,"minecraft:cobblestone":4083,"minecraft:white_banner":3,"minecraft:bucket":115,"minecraft:yellow_bed":6},"minecraft:custom":{"minecraft:animals_bred":91,"minecraft:interact_with_crafting_table":124,"minecraft:open_barrel":17,"minecraft:bell_ring":86,"minecraft:leave_game":14,"minecraft:time_since_death":327065,"minecraft:sprint_one_cm":4688910,"minecraft:damage_blocked_by_shield":2878,"minecraft:drop":399,"minecraft:talked_to_villager":792,"minecraft:play_time":1424505,"minecraft:deaths":6,"minecraft:jump":23708,"minecraft:walk_on_water_one_cm":85700,"minecraft:enchant_item":18,"minecraft:interact_with_furnace":49,"minecraft:traded_with_villager":2201,"minecraft:interact_with_cartography_table":2,"minecraft:sleep_in_bed":89,"minecraft:damage_dealt":111842,"minecraft:crouch_one_cm":345935,"minecraft:interact_with_smoker":40,"minecraft:inspect_dispenser":29,"minecraft:inspect_dropper":2,"minecraft:mob_kills":267,"minecraft:interact_with_anvil":6,"minecraft:inspect_hopper":229,"minecraft:climb_one_cm":88973,"minecraft:walk_one_cm":2833714,"minecraft:sneak_time":98839,"minecraft:walk_under_water_one_cm":43355,"minecraft:boat_one_cm":138043,"minecraft:interact_with_blast_furnace":8,"minecraft:total_world_time":1424505,"minecraft:interact_with_grindstone":16,"minecraft:interact_with_stonecutter":2,"minecraft:time_since_rest":9126,"minecraft:damage_taken":8601,"minecraft:swim_one_cm":59391,"minecraft:fly_one_cm":5906599,"minecraft:open_chest":812,"minecraft:fall_one_cm":624416},"minecraft:broken":{"minecraft:iron_shovel":4,"minecraft:diamond_shovel":1,"minecraft:wooden_axe":1,"minecraft:shield":1,"minecraft:iron_axe":4,"minecraft:iron_pickaxe":1},"minecraft:dropped":{"minecraft:baked_potato":1,"minecraft:flint":3,"minecraft:cornflower":6,"minecraft:gravel":6,"minecraft:wheat":274,"minecraft:rotten_flesh":27,"minecraft:azure_bluet":12,"minecraft:white_bed":1,"minecraft:carrot":37,"minecraft:poppy":101,"minecraft:leather_boots":2,"minecraft:leather_leggings":2,"minecraft:arrow":8,"minecraft:egg":3,"minecraft:enchanted_book":2,"minecraft:wheat_seeds":996,"minecraft:bookshelf":1,"minecraft:poisonous_potato":1,"minecraft:iron_helmet":20,"minecraft:cobblestone":1,"minecraft:stick":6,"minecraft:oxeye_daisy":7,"minecraft:iron_axe":19,"minecraft:string":6173,"minecraft:bucket":1,"minecraft:dandelion":51,"minecraft:redstone":1,"minecraft:tuff":2,"minecraft:shield":23,"minecraft:oak_sapling":1,"minecraft:bow":11,"minecraft:stone_pickaxe":22},"minecraft:killed_by":{"minecraft:creeper":2,"minecraft:iron_golem":2},"minecraft:killed":{"minecraft:spider":13,"minecraft:skeleton":29,"minecraft:iron_golem":89,"minecraft:creeper":15,"minecraft:sheep":5,"minecraft:trader_llama":4,"minecraft:pillager":2,"minecraft:zombie":33,"minecraft:cow":55,"minecraft:drowned":1,"minecraft:bat":1,"minecraft:wandering_trader":2,"minecraft:villager":3,"minecraft:enderman":1},"minecraft:picked_up":{"minecraft:wooden_axe":1,"minecraft:chiseled_deepslate":5,"minecraft:wheat":537,"minecraft:lead":4,"minecraft:diamond_sword":4,"minecraft:oak_stairs":397,"minecraft:enchanted_book":2,"minecraft:brewing_stand":1,"minecraft:amethyst_block":27,"minecraft:string":51672,"minecraft:raw_copper":45,"minecraft:beetroot":2,"minecraft:diamond_leggings":4,"minecraft:cobbled_deepslate":184,"minecraft:calcite":2,"minecraft:stick":74,"minecraft:composter":4,"minecraft:oak_fence":25,"minecraft:torch":245,"minecraft:pointed_dripstone":75,"minecraft:diorite":3,"minecraft:rotten_flesh":36,"minecraft:armadillo_scute":1,"minecraft:bookshelf":1,"minecraft:white_terracotta":109,"minecraft:obsidian":37,"minecraft:cobblestone":7701,"minecraft:cooked_beef":135,"minecraft:andesite":2,"minecraft:water_bucket":5,"minecraft:jungle_log":38,"minecraft:dark_oak_boat":4,"minecraft:potato":675,"minecraft:flint":22,"minecraft:tuff":14,"minecraft:lapis_lazuli":406,"minecraft:dirt":16833,"minecraft:leather_boots":2,"minecraft:bone":44,"minecraft:chipped_anvil":1,"minecraft:stonecutter":1,"minecraft:bow":5,"minecraft:wheat_seeds":1809,"minecraft:raw_gold":69,"minecraft:bell":4,"minecraft:fletching_table":1,"minecraft:diamond_helmet":4,"minecraft:moss_block":8,"minecraft:oak_planks":405,"minecraft:dropper":2,"minecraft:oak_pressure_plate":2,"minecraft:poisonous_potato":2,"minecraft:grass_block":1,"minecraft:dark_oak_log":195,"minecraft:barrel":7,"minecraft:mossy_cobblestone":58,"minecraft:dispenser":1,"minecraft:yellow_carpet":4,"minecraft:diamond":94,"minecraft:lever":4,"minecraft:granite":262,"minecraft:emerald":148,"minecraft:oak_sapling":57,"minecraft:diamond_pickaxe":4,"minecraft:crafting_table":5,"minecraft:coarse_dirt":4,"minecraft:azure_bluet":12,"minecraft:ominous_bottle":1,"minecraft:ladder":6,"minecraft:clay_ball":16,"minecraft:leather_leggings":3,"minecraft:shield":12,"minecraft:cornflower":6,"minecraft:oak_trapdoor":25,"minecraft:iron_axe":11,"minecraft:white_carpet":5,"minecraft:compass":2,"minecraft:iron_shovel":1,"minecraft:cartography_table":2,"minecraft:beef":21,"minecraft:jungle_sapling":1,"minecraft:iron_nugget":18,"minecraft:poppy":118,"minecraft:lectern":233,"minecraft:minecart":7,"minecraft:sugar_cane":407,"minecraft:chest":14,"minecraft:egg":13,"minecraft:dark_oak_sapling":14,"minecraft:raw_iron":214,"minecraft:oak_door":16,"minecraft:carrot":559,"minecraft:redstone":337,"minecraft:dark_oak_planks":21,"minecraft:diamond_chestplate":4,"minecraft:arrow":65,"minecraft:beetroot_seeds":10,"minecraft:diamond_boots":4,"minecraft:hay_block":11,"minecraft:gold_ingot":1,"minecraft:mutton":14,"minecraft:white_wool":5,"minecraft:rail":74,"minecraft:oxeye_daisy":9,"minecraft:stripped_oak_log":49,"minecraft:clock":2,"minecraft:leather":68,"minecraft:filled_map":2,"minecraft:oak_log":485,"minecraft:yellow_bed":6,"minecraft:gunpowder":16,"minecraft:cobblestone_stairs":17,"minecraft:paper":66,"minecraft:white_banner":3,"minecraft:coast_armor_trim_smithing_template":4,"minecraft:apple":14,"minecraft:kelp":42,"minecraft:stone_pickaxe":11,"minecraft:iron_ingot":389,"minecraft:stripped_oak_wood":1,"minecraft:book":6,"minecraft:oak_slab":20,"minecraft:dandelion":66,"minecraft:dripstone_block":90,"minecraft:gravel":197,"minecraft:amethyst_shard":24,"minecraft:blast_furnace":1,"minecraft:white_bed":7,"minecraft:spider_eye":5,"minecraft:diamond_shovel":1,"minecraft:iron_helmet":10,"minecraft:diamond_axe":4,"minecraft:terracotta":2,"minecraft:baked_potato":133,"minecraft:coal":313,"minecraft:hopper":1},"minecraft:mined":{"minecraft:large_amethyst_bud":1,"minecraft:white_bed":5,"minecraft:oak_sapling":1,"minecraft:farmland":26,"minecraft:cobblestone_stairs":17,"minecraft:sculk_vein":2,"minecraft:jungle_leaves":22,"minecraft:brewing_stand":1,"minecraft:obsidian":37,"minecraft:granite":265,"minecraft:budding_amethyst":1,"minecraft:grass_block":11206,"minecraft:yellow_carpet":1,"minecraft:jungle_log":30,"minecraft:oak_pressure_plate":1,"minecraft:composter":4,"minecraft:hopper":1,"minecraft:oxeye_daisy":3,"minecraft:iron_ore":48,"minecraft:fire":9,"minecraft:barrel":7,"minecraft:fletching_table":1,"minecraft:deepslate_lapis_ore":20,"minecraft:azure_bluet":9,"minecraft:pointed_dripstone":1,"minecraft:dirt_path":450,"minecraft:oak_stairs":400,"minecraft:tripwire":15,"minecraft:deepslate_redstone_ore":29,"minecraft:amethyst_cluster":2,"minecraft:clay":4,"minecraft:torch":33,"minecraft:blast_furnace":1,"minecraft:calcite":2,"minecraft:poppy":5,"minecraft:chest":14,"minecraft:cobblestone":469,"minecraft:sugar_cane":156,"minecraft:oak_planks":400,"minecraft:wall_torch":8,"minecraft:amethyst_block":9,"minecraft:white_terracotta":109,"minecraft:wheat":260,"minecraft:stripped_oak_wood":1,"minecraft:oak_log":482,"minecraft:beetroots":4,"minecraft:dark_oak_sapling":2,"minecraft:dirt":5469,"minecraft:dispenser":1,"minecraft:stonecutter":1,"minecraft:oak_leaves":475,"minecraft:deepslate":95,"minecraft:diamond_ore":1,"minecraft:tuff":8,"minecraft:mossy_cobblestone":58,"minecraft:dark_oak_leaves":30,"minecraft:deepslate_diamond_ore":36,"minecraft:oak_door":3,"minecraft:dark_oak_log":99,"minecraft:lever":3,"minecraft:ladder":6,"minecraft:redstone_wire":13,"minecraft:cartography_table":2,"minecraft:hay_block":11,"minecraft:oak_trapdoor":23,"minecraft:carrots":204,"minecraft:andesite":2,"minecraft:chiseled_deepslate":5,"minecraft:bell":4,"minecraft:bookshelf":2,"minecraft:potatoes":173,"minecraft:deepslate_iron_ore":41,"minecraft:vine":29,"minecraft:rail":74,"minecraft:stripped_oak_log":49,"minecraft:stone":7454,"minecraft:oak_slab":20,"minecraft:glass_pane":37,"minecraft:dandelion":31,"minecraft:oak_fence":25,"minecraft:crafting_table":3,"minecraft:cornflower":2,"minecraft:short_grass":758,"minecraft:dropper":2,"minecraft:sculk_sensor":1,"minecraft:lectern":233,"minecraft:copper_ore":13,"minecraft:tall_grass":108,"minecraft:deepslate_gold_ore":23,"minecraft:sculk":8,"minecraft:diorite":1,"minecraft:coarse_dirt":4,"minecraft:white_carpet":1,"minecraft:yellow_bed":6,"minecraft:coal_ore":291,"minecraft:gravel":214,"minecraft:dripstone_block":32,"minecraft:terracotta":2,"minecraft:chipped_anvil":1,"minecraft:fern":15}},"DataVersion":3953}