{"stats":{"minecraft:crafted":{"minecraft:grindstone":2,"minecraft:oak_planks":768,"minecraft:barrel":2,"minecraft:dark_oak_boat":1,"minecraft:stone":6,"minecraft:cobblestone_stairs":76,"minecraft:diamond_shovel":3,"minecraft:lever":2,"minecraft:bookshelf":27,"minecraft:diamond_helmet":1,"minecraft:bow":8,"minecraft:diamond_leggings":1,"minecraft:chest":16,"minecraft:oak_fence":24,"minecraft:smoker":1,"minecraft:oak_slab":12,"minecraft:emerald":1469,"minecraft:diamond_axe":0,"minecraft:crafting_table":3,"minecraft:iron_helmet":10,"minecraft:baked_potato":200,"minecraft:smithing_table":1,"minecraft:fletching_table":1,"minecraft:lectern":1,"minecraft:diamond_pickaxe":1,"minecraft:charcoal":59,"minecraft:book":4,"minecraft:paper":36,"minecraft:shield":12,"minecraft:stick":640,"minecraft:stone_slab":12,"minecraft:iron_pickaxe":2,"minecraft:shears":1,"minecraft:stone_shovel":1,"minecraft:tripwire_hook":4,"minecraft:furnace":2,"minecraft:bone_meal":6,"minecraft:oak_trapdoor":4,"minecraft:flint_and_steel":1,"minecraft:iron_axe":13,"minecraft:ladder":6,"minecraft:iron_hoe":1,"minecraft:stone_pickaxe":11,"minecraft:diamond_boots":1,"minecraft:dark_oak_planks":220,"minecraft:wheat":99,"minecraft:diamond_sword":1,"minecraft:enchanting_table":1,"minecraft:jungle_slab":12,"minecraft:bread":38,"minecraft:air":0,"minecraft:jungle_planks":52,"minecraft:oak_fence_gate":1,"minecraft:white_wool":31,"minecraft:wooden_axe":1,"minecraft:oak_stairs":72,"minecraft:iron_shovel":4,"minecraft:white_bed":11,"minecraft:torch":128,"minecraft:diamond_chestplate":1},"minecraft:used":{"minecraft:iron_shovel":940,"minecraft:poppy":1,"minecraft:ladder":12,"minecraft:chest":20,"minecraft:white_terracotta":78,"minecraft:shield":40,"minecraft:bell":4,"minecraft:rotten_flesh":4,"minecraft:carrot":249,"minecraft:tuff":3,"minecraft:dark_oak_boat":3,"minecraft:furnace":1,"minecraft:oak_sapling":7,"minecraft:egg":1,"minecraft:potato":189,"minecraft:leather_leggings":1,"minecraft:oak_planks":418,"minecraft:sugar_cane":29,"minecraft:composter":2,"minecraft:diamond_axe":1101,"minecraft:white_wool":1,"minecraft:blast_furnace":1,"minecraft:shears":2,"minecraft:lever":4,"minecraft:dark_oak_log":21,"minecraft:bread":50,"minecraft:string":15,"minecraft:lectern":8,"minecraft:gravel":43,"minecraft:diamond_sword":229,"minecraft:grindstone":2,"minecraft:smithing_table":1,"minecraft:bone_meal":6,"minecraft:oak_fence":29,"minecraft:oak_trapdoor":6,"minecraft:enchanting_table":1,"minecraft:flint_and_steel":21,"minecraft:stone_shovel":128,"minecraft:torch":187,"minecraft:brewing_stand":1,"minecraft:dirt":3836,"minecraft:white_carpet":4,"minecraft:diamond_helmet":1,"minecraft:granite":1,"minecraft:oak_fence_gate":1,"minecraft:iron_hoe":128,"minecraft:wooden_axe":63,"minecraft:bookshelf":22,"minecraft:iron_axe":688,"minecraft:oak_stairs":466,"minecraft:barrel":9,"minecraft:diamond_chestplate":2,"minecraft:tripwire_hook":7,"minecraft:beef":4,"minecraft:cobbled_deepslate":29,"minecraft:calcite":2,"minecraft:wheat_seeds":135,"minecraft:water_bucket":55,"minecraft:cobblestone_stairs":93,"minecraft:baked_potato":139,"minecraft:cartography_table":1,"minecraft:fletching_table":2,"minecraft:mossy_cobblestone":42,"minecraft:terracotta":2,"minecraft:oak_slab":20,"minecraft:crafting_table":6,"minecraft:white_bed":16,"minecraft:smoker":1,"minecraft:oak_log":9,"minecraft:diamond_pickaxe":1394,"minecraft:diamond_shovel":3098,"minecraft:iron_pickaxe":333,"minecraft:cobblestone":345,"minecraft:white_banner":2,"minecraft:bucket":53,"minecraft:yellow_bed":6},"minecraft:custom":{"minecraft:animals_bred":21,"minecraft:interact_with_crafting_table":73,"minecraft:open_barrel":16,"minecraft:bell_ring":86,"minecraft:leave_game":12,"minecraft:time_since_death":138190,"minecraft:sprint_one_cm":1998895,"minecraft:damage_blocked_by_shield":2878,"minecraft:drop":180,"minecraft:talked_to_villager":320,"minecraft:play_time":679478,"minecraft:deaths":5,"minecraft:jump":13325,"minecraft:walk_on_water_one_cm":53112,"minecraft:enchant_item":18,"minecraft:interact_with_furnace":31,"minecraft:traded_with_villager":1558,"minecraft:interact_with_cartography_table":2,"minecraft:sleep_in_bed":41,"minecraft:damage_dealt":76029,"minecraft:crouch_one_cm":153914,"minecraft:interact_with_smoker":40,"minecraft:mob_kills":138,"minecraft:climb_one_cm":67533,"minecraft:walk_one_cm":1146393,"minecraft:sneak_time":51185,"minecraft:walk_under_water_one_cm":43016,"minecraft:boat_one_cm":138043,"minecraft:interact_with_blast_furnace":1,"minecraft:total_world_time":679478,"minecraft:interact_with_grindstone":16,"minecraft:time_since_rest":0,"minecraft:damage_taken":6741,"minecraft:swim_one_cm":59391,"minecraft:fly_one_cm":3355499,"minecraft:open_chest":379,"minecraft:fall_one_cm":419244},"minecraft:broken":{"minecraft:iron_shovel":3,"minecraft:diamond_shovel":1,"minecraft:wooden_axe":1,"minecraft:shield":1,"minecraft:iron_axe":4,"minecraft:iron_pickaxe":1},"minecraft:dropped":{"minecraft:cornflower":1,"minecraft:wheat":1,"minecraft:rotten_flesh":10,"minecraft:azure_bluet":8,"minecraft:white_bed":1,"minecraft:carrot":37,"minecraft:poppy":71,"minecraft:leather_boots":1,"minecraft:leather_leggings":2,"minecraft:egg":2,"minecraft:wheat_seeds":26,"minecraft:poisonous_potato":1,"minecraft:iron_helmet":20,"minecraft:iron_axe":19,"minecraft:string":1152,"minecraft:dandelion":13,"minecraft:tuff":2,"minecraft:shield":23,"minecraft:bow":11,"minecraft:stone_pickaxe":22},"minecraft:killed_by":{"minecraft:creeper":2,"minecraft:iron_golem":1},"minecraft:killed":{"minecraft:spider":8,"minecraft:skeleton":22,"minecraft:iron_golem":65,"minecraft:creeper":6,"minecraft:sheep":4,"minecraft:pillager":2,"minecraft:zombie":16,"minecraft:cow":8,"minecraft:drowned":1,"minecraft:bat":1,"minecraft:villager":2,"minecraft:enderman":1},"minecraft:picked_up":{"minecraft:wooden_axe":1,"minecraft:wheat":145,"minecraft:diamond_sword":3,"minecraft:oak_stairs":394,"minecraft:brewing_stand":1,"minecraft:amethyst_block":27,"minecraft:string":33956,"minecraft:beetroot":1,"minecraft:diamond_leggings":3,"minecraft:cobbled_deepslate":184,"minecraft:calcite":2,"minecraft:stick":38,"minecraft:composter":4,"minecraft:oak_fence":17,"minecraft:torch":177,"minecraft:pointed_dripstone":75,"minecraft:diorite":3,"minecraft:rotten_flesh":19,"minecraft:armadillo_scute":1,"minecraft:white_terracotta":78,"minecraft:obsidian":37,"minecraft:cobblestone":773,"minecraft:water_bucket":3,"minecraft:jungle_log":22,"minecraft:dark_oak_boat":4,"minecraft:potato":467,"minecraft:flint":7,"minecraft:tuff":14,"minecraft:dirt":4382,"minecraft:lapis_lazuli":406,"minecraft:leather_boots":1,"minecraft:bone":44,"minecraft:stonecutter":1,"minecraft:bow":5,"minecraft:wheat_seeds":464,"minecraft:raw_gold":69,"minecraft:bell":4,"minecraft:diamond_helmet":3,"minecraft:fletching_table":1,"minecraft:moss_block":8,"minecraft:oak_planks":300,"minecraft:oak_pressure_plate":2,"minecraft:poisonous_potato":2,"minecraft:grass_block":1,"minecraft:dark_oak_log":151,"minecraft:barrel":7,"minecraft:mossy_cobblestone":42,"minecraft:yellow_carpet":4,"minecraft:diamond":94,"minecraft:lever":1,"minecraft:granite":11,"minecraft:emerald":68,"minecraft:oak_sapling":10,"minecraft:diamond_pickaxe":3,"minecraft:crafting_table":5,"minecraft:azure_bluet":8,"minecraft:ominous_bottle":1,"minecraft:ladder":6,"minecraft:clay_ball":16,"minecraft:leather_leggings":3,"minecraft:shield":12,"minecraft:cornflower":1,"minecraft:oak_trapdoor":24,"minecraft:iron_axe":11,"minecraft:white_carpet":5,"minecraft:compass":2,"minecraft:cartography_table":2,"minecraft:beef":21,"minecraft:iron_nugget":18,"minecraft:poppy":83,"minecraft:lectern":8,"minecraft:sugar_cane":119,"minecraft:chest":4,"minecraft:egg":5,"minecraft:dark_oak_sapling":6,"minecraft:raw_iron":203,"minecraft:oak_door":15,"minecraft:carrot":425,"minecraft:redstone":324,"minecraft:dark_oak_planks":21,"minecraft:arrow":57,"minecraft:diamond_chestplate":3,"minecraft:beetroot_seeds":5,"minecraft:diamond_boots":3,"minecraft:hay_block":11,"minecraft:gold_ingot":1,"minecraft:mutton":14,"minecraft:white_wool":5,"minecraft:oxeye_daisy":2,"minecraft:stripped_oak_log":37,"minecraft:clock":2,"minecraft:leather":12,"minecraft:filled_map":2,"minecraft:oak_log":383,"minecraft:yellow_bed":6,"minecraft:gunpowder":8,"minecraft:cobblestone_stairs":17,"minecraft:paper":42,"minecraft:white_banner":3,"minecraft:coast_armor_trim_smithing_template":4,"minecraft:kelp":28,"minecraft:iron_ingot":277,"minecraft:stone_pickaxe":11,"minecraft:stripped_oak_wood":1,"minecraft:oak_slab":20,"minecraft:dandelion":29,"minecraft:dripstone_block":90,"minecraft:gravel":67,"minecraft:amethyst_shard":24,"minecraft:blast_furnace":1,"minecraft:white_bed":7,"minecraft:spider_eye":4,"minecraft:iron_helmet":10,"minecraft:diamond_axe":3,"minecraft:terracotta":2,"minecraft:baked_potato":96,"minecraft:coal":95},"minecraft:mined":{"minecraft:large_amethyst_bud":1,"minecraft:white_bed":5,"minecraft:farmland":26,"minecraft:cobblestone_stairs":17,"minecraft:sculk_vein":2,"minecraft:jungle_leaves":3,"minecraft:brewing_stand":1,"minecraft:obsidian":37,"minecraft:granite":11,"minecraft:budding_amethyst":1,"minecraft:grass_block":2971,"minecraft:yellow_carpet":1,"minecraft:jungle_log":14,"minecraft:oak_pressure_plate":1,"minecraft:composter":4,"minecraft:oxeye_daisy":1,"minecraft:iron_ore":34,"minecraft:fire":9,"minecraft:barrel":7,"minecraft:fletching_table":1,"minecraft:deepslate_lapis_ore":20,"minecraft:azure_bluet":5,"minecraft:pointed_dripstone":1,"minecraft:dirt_path":162,"minecraft:oak_stairs":397,"minecraft:tripwire":9,"minecraft:deepslate_redstone_ore":29,"minecraft:amethyst_cluster":2,"minecraft:clay":4,"minecraft:torch":1,"minecraft:blast_furnace":1,"minecraft:calcite":2,"minecraft:poppy":3,"minecraft:chest":4,"minecraft:cobblestone":339,"minecraft:sugar_cane":66,"minecraft:oak_planks":294,"minecraft:wall_torch":2,"minecraft:amethyst_block":9,"minecraft:white_terracotta":78,"minecraft:wheat":177,"minecraft:stripped_oak_wood":1,"minecraft:oak_log":380,"minecraft:beetroots":4,"minecraft:dirt":1190,"minecraft:stonecutter":1,"minecraft:oak_leaves":44,"minecraft:deepslate":95,"minecraft:diamond_ore":1,"minecraft:tuff":8,"minecraft:mossy_cobblestone":42,"minecraft:dark_oak_leaves":2,"minecraft:deepslate_diamond_ore":36,"minecraft:oak_door":3,"minecraft:dark_oak_log":55,"minecraft:ladder":6,"minecraft:cartography_table":2,"minecraft:hay_block":11,"minecraft:oak_trapdoor":22,"minecraft:carrots":204,"minecraft:bell":4,"minecraft:potatoes":145,"minecraft:deepslate_iron_ore":41,"minecraft:stripped_oak_log":37,"minecraft:stone":419,"minecraft:oak_slab":20,"minecraft:glass_pane":34,"minecraft:dandelion":18,"minecraft:oak_fence":17,"minecraft:crafting_table":3,"minecraft:cornflower":1,"minecraft:short_grass":366,"minecraft:sculk_sensor":1,"minecraft:lectern":8,"minecraft:tall_grass":40,"minecraft:deepslate_gold_ore":23,"minecraft:sculk":8,"minecraft:diorite":1,"minecraft:white_carpet":1,"minecraft:yellow_bed":6,"minecraft:coal_ore":70,"minecraft:gravel":74,"minecraft:dripstone_block":32,"minecraft:terracotta":2}},"DataVersion":3953}