{"stats":{"minecraft:picked_up":{"minecraft:wooden_axe":1,"minecraft:crafting_table":5,"minecraft:wheat":80,"minecraft:ominous_bottle":1,"minecraft:ladder":5,"minecraft:leather_leggings":2,"minecraft:oak_stairs":165,"minecraft:brewing_stand":1,"minecraft:shield":12,"minecraft:oak_trapdoor":12,"minecraft:string":17638,"minecraft:iron_axe":11,"minecraft:white_carpet":5,"minecraft:compass":2,"minecraft:beetroot":1,"minecraft:cartography_table":2,"minecraft:beef":14,"minecraft:iron_nugget":18,"minecraft:poppy":44,"minecraft:sugar_cane":42,"minecraft:chest":4,"minecraft:egg":2,"minecraft:dark_oak_sapling":6,"minecraft:stick":27,"minecraft:raw_iron":2,"minecraft:oak_door":11,"minecraft:composter":4,"minecraft:oak_fence":7,"minecraft:torch":31,"minecraft:carrot":425,"minecraft:dark_oak_planks":21,"minecraft:rotten_flesh":10,"minecraft:arrow":6,"minecraft:beetroot_seeds":5,"minecraft:hay_block":11,"minecraft:gold_ingot":1,"minecraft:mutton":14,"minecraft:cobblestone":231,"minecraft:white_wool":5,"minecraft:oxeye_daisy":1,"minecraft:stripped_oak_log":21,"minecraft:clock":2,"minecraft:jungle_log":22,"minecraft:leather":8,"minecraft:dark_oak_boat":4,"minecraft:potato":168,"minecraft:filled_map":2,"minecraft:flint":7,"minecraft:oak_log":288,"minecraft:gunpowder":5,"minecraft:yellow_bed":6,"minecraft:cobblestone_stairs":13,"minecraft:dirt":1052,"minecraft:paper":18,"minecraft:white_banner":2,"minecraft:coast_armor_trim_smithing_template":4,"minecraft:bone":2,"minecraft:kelp":28,"minecraft:wheat_seeds":239,"minecraft:bell":4,"minecraft:stone_pickaxe":11,"minecraft:iron_ingot":157,"minecraft:stripped_oak_wood":1,"minecraft:fletching_table":1,"minecraft:moss_block":8,"minecraft:oak_planks":127,"minecraft:oak_slab":11,"minecraft:dandelion":8,"minecraft:oak_pressure_plate":1,"minecraft:poisonous_potato":1,"minecraft:gravel":67,"minecraft:blast_furnace":1,"minecraft:white_bed":7,"minecraft:barrel":7,"minecraft:dark_oak_log":151,"minecraft:spider_eye":4,"minecraft:mossy_cobblestone":29,"minecraft:yellow_carpet":4,"minecraft:lever":1,"minecraft:iron_helmet":10,"minecraft:emerald":4,"minecraft:oak_sapling":6,"minecraft:coal":29},"minecraft:used":{"minecraft:oak_fence":25,"minecraft:oak_trapdoor":6,"minecraft:iron_shovel":940,"minecraft:flint_and_steel":21,"minecraft:stone_shovel":128,"minecraft:poppy":1,"minecraft:ladder":11,"minecraft:shield":7,"minecraft:chest":20,"minecraft:bell":4,"minecraft:rotten_flesh":4,"minecraft:torch":93,"minecraft:brewing_stand":1,"minecraft:dirt":920,"minecraft:white_carpet":4,"minecraft:carrot":249,"minecraft:oak_fence_gate":1,"minecraft:iron_hoe":128,"minecraft:wooden_axe":63,"minecraft:iron_axe":688,"minecraft:oak_stairs":165,"minecraft:barrel":9,"minecraft:tripwire_hook":7,"minecraft:beef":4,"minecraft:dark_oak_boat":3,"minecraft:oak_sapling":6,"minecraft:furnace":1,"minecraft:potato":99,"minecraft:wheat_seeds":70,"minecraft:water_bucket":31,"minecraft:leather_leggings":1,"minecraft:cobblestone_stairs":13,"minecraft:baked_potato":33,"minecraft:oak_planks":413,"minecraft:cartography_table":1,"minecraft:diamond_axe":387,"minecraft:composter":2,"minecraft:fletching_table":2,"minecraft:sugar_cane":19,"minecraft:white_wool":1,"minecraft:mossy_cobblestone":29,"minecraft:oak_slab":11,"minecraft:crafting_table":6,"minecraft:blast_furnace":1,"minecraft:white_bed":15,"minecraft:shears":2,"minecraft:smoker":1,"minecraft:oak_log":9,"minecraft:lever":4,"minecraft:dark_oak_log":21,"minecraft:bread":50,"minecraft:string":13,"minecraft:iron_pickaxe":333,"minecraft:gravel":43,"minecraft:cobblestone":204,"minecraft:white_banner":2,"minecraft:grindstone":1,"minecraft:smithing_table":1,"minecraft:bucket":29,"minecraft:yellow_bed":6,"minecraft:bone_meal":6},"minecraft:dropped":{"minecraft:wheat_seeds":10,"minecraft:iron_helmet":20,"minecraft:iron_axe":19,"minecraft:dandelion":2,"minecraft:rotten_flesh":2,"minecraft:white_bed":1,"minecraft:carrot":37,"minecraft:poppy":31,"minecraft:shield":23,"minecraft:leather_leggings":1,"minecraft:bow":8,"minecraft:stone_pickaxe":22},"minecraft:broken":{"minecraft:iron_shovel":3,"minecraft:iron_axe":4,"minecraft:iron_pickaxe":1,"minecraft:wooden_axe":1},"minecraft:custom":{"minecraft:mob_kills":65,"minecraft:interact_with_crafting_table":62,"minecraft:open_barrel":15,"minecraft:bell_ring":86,"minecraft:leave_game":7,"minecraft:time_since_death":341811,"minecraft:climb_one_cm":41206,"minecraft:sprint_one_cm":1060020,"minecraft:walk_one_cm":594504,"minecraft:damage_blocked_by_shield":511,"minecraft:drop":120,"minecraft:talked_to_villager":214,"minecraft:play_time":381362,"minecraft:deaths":2,"minecraft:sneak_time":24154,"minecraft:walk_under_water_one_cm":31498,"minecraft:boat_one_cm":138043,"minecraft:jump":7861,"minecraft:walk_on_water_one_cm":28826,"minecraft:total_world_time":381362,"minecraft:interact_with_furnace":22,"minecraft:traded_with_villager":1038,"minecraft:interact_with_cartography_table":2,"minecraft:sleep_in_bed":25,"minecraft:time_since_rest":1593,"minecraft:damage_taken":2343,"minecraft:damage_dealt":39453,"minecraft:swim_one_cm":44334,"minecraft:fly_one_cm":2076590,"minecraft:open_chest":235,"minecraft:crouch_one_cm":65352,"minecraft:interact_with_smoker":30,"minecraft:fall_one_cm":250229},"minecraft:mined":{"minecraft:white_bed":5,"minecraft:farmland":26,"minecraft:mossy_cobblestone":29,"minecraft:dark_oak_leaves":2,"minecraft:oak_door":1,"minecraft:cobblestone_stairs":13,"minecraft:jungle_leaves":3,"minecraft:dark_oak_log":55,"minecraft:brewing_stand":1,"minecraft:ladder":5,"minecraft:grass_block":918,"minecraft:yellow_carpet":1,"minecraft:jungle_log":14,"minecraft:cartography_table":2,"minecraft:composter":4,"minecraft:hay_block":11,"minecraft:oak_trapdoor":10,"minecraft:carrots":204,"minecraft:iron_ore":2,"minecraft:fire":6,"minecraft:barrel":7,"minecraft:fletching_table":1,"minecraft:bell":4,"minecraft:potatoes":57,"minecraft:dirt_path":28,"minecraft:oak_stairs":168,"minecraft:stripped_oak_log":21,"minecraft:stone":1,"minecraft:tripwire":7,"minecraft:oak_slab":11,"minecraft:glass_pane":20,"minecraft:dandelion":2,"minecraft:torch":1,"minecraft:oak_fence":7,"minecraft:crafting_table":3,"minecraft:short_grass":204,"minecraft:blast_furnace":1,"minecraft:poppy":1,"minecraft:chest":4,"minecraft:tall_grass":2,"minecraft:cobblestone":230,"minecraft:sugar_cane":18,"minecraft:oak_planks":119,"minecraft:wheat":112,"minecraft:white_carpet":1,"minecraft:stripped_oak_wood":1,"minecraft:yellow_bed":6,"minecraft:coal_ore":19,"minecraft:oak_log":285,"minecraft:beetroots":4,"minecraft:gravel":74,"minecraft:dirt":33,"minecraft:oak_leaves":41},"minecraft:killed_by":{"minecraft:creeper":1},"minecraft:killed":{"minecraft:spider":5,"minecraft:skeleton":4,"minecraft:drowned":1,"minecraft:iron_golem":35,"minecraft:creeper":4,"minecraft:sheep":4,"minecraft:pillager":2,"minecraft:zombie":4,"minecraft:villager":1,"minecraft:cow":5},"minecraft:crafted":{"minecraft:grindstone":1,"minecraft:oak_planks":704,"minecraft:stone_shovel":1,"minecraft:barrel":2,"minecraft:tripwire_hook":4,"minecraft:dark_oak_boat":1,"minecraft:furnace":2,"minecraft:stone":3,"minecraft:lever":2,"minecraft:bone_meal":6,"minecraft:oak_trapdoor":4,"minecraft:flint_and_steel":1,"minecraft:diamond_helmet":1,"minecraft:diamond_leggings":1,"minecraft:bow":8,"minecraft:iron_axe":13,"minecraft:ladder":6,"minecraft:iron_hoe":1,"minecraft:stone_pickaxe":11,"minecraft:chest":16,"minecraft:diamond_boots":1,"minecraft:dark_oak_planks":220,"minecraft:oak_fence":24,"minecraft:smoker":1,"minecraft:wheat":99,"minecraft:oak_slab":12,"minecraft:emerald":980,"minecraft:diamond_axe":0,"minecraft:crafting_table":3,"minecraft:baked_potato":48,"minecraft:iron_helmet":10,"minecraft:smithing_table":1,"minecraft:fletching_table":1,"minecraft:bread":38,"minecraft:air":0,"minecraft:jungle_planks":32,"minecraft:oak_fence_gate":1,"minecraft:white_wool":28,"minecraft:charcoal":59,"minecraft:shield":12,"minecraft:stick":640,"minecraft:stone_slab":6,"minecraft:iron_pickaxe":2,"minecraft:wooden_axe":1,"minecraft:iron_shovel":4,"minecraft:white_bed":10,"minecraft:torch":68,"minecraft:shears":1,"minecraft:diamond_chestplate":1}},"DataVersion":3953}