{"stats":{"minecraft:picked_up":{"minecraft:wooden_axe":1,"minecraft:crafting_table":5,"minecraft:wheat":56,"minecraft:ominous_bottle":1,"minecraft:ladder":2,"minecraft:leather_leggings":2,"minecraft:oak_stairs":1,"minecraft:brewing_stand":1,"minecraft:shield":12,"minecraft:oak_trapdoor":1,"minecraft:string":17392,"minecraft:iron_axe":11,"minecraft:white_carpet":1,"minecraft:compass":2,"minecraft:beetroot":1,"minecraft:cartography_table":2,"minecraft:beef":14,"minecraft:iron_nugget":18,"minecraft:poppy":19,"minecraft:sugar_cane":39,"minecraft:chest":1,"minecraft:egg":1,"minecraft:dark_oak_sapling":6,"minecraft:stick":26,"minecraft:raw_iron":2,"minecraft:oak_door":3,"minecraft:composter":4,"minecraft:oak_fence":3,"minecraft:torch":13,"minecraft:carrot":270,"minecraft:dark_oak_planks":21,"minecraft:rotten_flesh":10,"minecraft:arrow":6,"minecraft:beetroot_seeds":5,"minecraft:hay_block":11,"minecraft:gold_ingot":1,"minecraft:mutton":14,"minecraft:cobblestone":90,"minecraft:white_wool":5,"minecraft:oxeye_daisy":1,"minecraft:stripped_oak_log":21,"minecraft:clock":2,"minecraft:jungle_log":16,"minecraft:leather":8,"minecraft:dark_oak_boat":4,"minecraft:potato":19,"minecraft:filled_map":2,"minecraft:flint":7,"minecraft:oak_log":212,"minecraft:gunpowder":5,"minecraft:yellow_bed":6,"minecraft:cobblestone_stairs":3,"minecraft:dirt":366,"minecraft:paper":18,"minecraft:white_banner":1,"minecraft:coast_armor_trim_smithing_template":4,"minecraft:bone":2,"minecraft:kelp":28,"minecraft:wheat_seeds":157,"minecraft:bell":4,"minecraft:stone_pickaxe":11,"minecraft:iron_ingot":72,"minecraft:stripped_oak_wood":1,"minecraft:fletching_table":1,"minecraft:moss_block":8,"minecraft:oak_planks":50,"minecraft:dandelion":6,"minecraft:gravel":67,"minecraft:blast_furnace":1,"minecraft:white_bed":7,"minecraft:barrel":6,"minecraft:dark_oak_log":151,"minecraft:spider_eye":4,"minecraft:mossy_cobblestone":10,"minecraft:lever":1,"minecraft:iron_helmet":10,"minecraft:emerald":4,"minecraft:oak_sapling":5,"minecraft:coal":10},"minecraft:used":{"minecraft:oak_trapdoor":6,"minecraft:iron_shovel":254,"minecraft:flint_and_steel":21,"minecraft:stone_shovel":128,"minecraft:poppy":1,"minecraft:ladder":8,"minecraft:chest":17,"minecraft:bell":4,"minecraft:rotten_flesh":4,"minecraft:torch":69,"minecraft:brewing_stand":1,"minecraft:dirt":377,"minecraft:carrot":223,"minecraft:iron_hoe":128,"minecraft:wooden_axe":63,"minecraft:iron_axe":526,"minecraft:barrel":6,"minecraft:tripwire_hook":7,"minecraft:beef":4,"minecraft:dark_oak_boat":3,"minecraft:oak_sapling":5,"minecraft:furnace":1,"minecraft:potato":18,"minecraft:wheat_seeds":46,"minecraft:water_bucket":31,"minecraft:leather_leggings":1,"minecraft:baked_potato":7,"minecraft:oak_planks":413,"minecraft:cartography_table":1,"minecraft:composter":2,"minecraft:fletching_table":2,"minecraft:sugar_cane":19,"minecraft:white_wool":1,"minecraft:mossy_cobblestone":9,"minecraft:crafting_table":6,"minecraft:blast_furnace":1,"minecraft:white_bed":15,"minecraft:shears":2,"minecraft:smoker":1,"minecraft:oak_log":3,"minecraft:lever":4,"minecraft:dark_oak_log":21,"minecraft:bread":50,"minecraft:string":9,"minecraft:iron_pickaxe":126,"minecraft:gravel":43,"minecraft:cobblestone":31,"minecraft:white_banner":1,"minecraft:grindstone":1,"minecraft:smithing_table":1,"minecraft:bucket":29,"minecraft:yellow_bed":6,"minecraft:bone_meal":6},"minecraft:dropped":{"minecraft:wheat_seeds":9,"minecraft:iron_helmet":20,"minecraft:iron_axe":19,"minecraft:dandelion":2,"minecraft:rotten_flesh":2,"minecraft:white_bed":1,"minecraft:carrot":37,"minecraft:poppy":14,"minecraft:shield":23,"minecraft:leather_leggings":1,"minecraft:bow":8,"minecraft:stone_pickaxe":22},"minecraft:broken":{"minecraft:iron_shovel":1,"minecraft:iron_axe":2,"minecraft:wooden_axe":1},"minecraft:custom":{"minecraft:mob_kills":44,"minecraft:interact_with_crafting_table":48,"minecraft:open_barrel":14,"minecraft:bell_ring":60,"minecraft:leave_game":7,"minecraft:time_since_death":221811,"minecraft:climb_one_cm":21768,"minecraft:sprint_one_cm":706565,"minecraft:walk_one_cm":371087,"minecraft:drop":110,"minecraft:talked_to_villager":104,"minecraft:play_time":261362,"minecraft:deaths":2,"minecraft:sneak_time":14597,"minecraft:walk_under_water_one_cm":31498,"minecraft:boat_one_cm":138043,"minecraft:jump":5825,"minecraft:walk_on_water_one_cm":26463,"minecraft:total_world_time":261362,"minecraft:interact_with_furnace":12,"minecraft:traded_with_villager":567,"minecraft:interact_with_cartography_table":2,"minecraft:sleep_in_bed":16,"minecraft:time_since_rest":9614,"minecraft:damage_taken":1888,"minecraft:damage_dealt":19590,"minecraft:swim_one_cm":44334,"minecraft:fly_one_cm":1615755,"minecraft:open_chest":152,"minecraft:crouch_one_cm":42489,"minecraft:interact_with_smoker":10,"minecraft:fall_one_cm":193372},"minecraft:mined":{"minecraft:white_bed":5,"minecraft:farmland":26,"minecraft:mossy_cobblestone":10,"minecraft:dark_oak_leaves":2,"minecraft:cobblestone_stairs":3,"minecraft:jungle_leaves":1,"minecraft:dark_oak_log":55,"minecraft:brewing_stand":1,"minecraft:ladder":2,"minecraft:grass_block":255,"minecraft:jungle_log":8,"minecraft:cartography_table":2,"minecraft:composter":4,"minecraft:hay_block":11,"minecraft:carrots":150,"minecraft:iron_ore":2,"minecraft:fire":6,"minecraft:barrel":6,"minecraft:fletching_table":1,"minecraft:bell":4,"minecraft:potatoes":16,"minecraft:dirt_path":20,"minecraft:oak_stairs":2,"minecraft:stripped_oak_log":21,"minecraft:tripwire":3,"minecraft:glass_pane":8,"minecraft:dandelion":2,"minecraft:oak_fence":3,"minecraft:crafting_table":3,"minecraft:short_grass":180,"minecraft:blast_furnace":1,"minecraft:poppy":1,"minecraft:chest":1,"minecraft:tall_grass":2,"minecraft:cobblestone":90,"minecraft:sugar_cane":15,"minecraft:oak_planks":46,"minecraft:wheat":88,"minecraft:white_carpet":1,"minecraft:stripped_oak_wood":1,"minecraft:yellow_bed":6,"minecraft:oak_log":209,"minecraft:beetroots":4,"minecraft:gravel":74,"minecraft:dirt":17,"minecraft:oak_leaves":11},"minecraft:killed_by":{"minecraft:creeper":1},"minecraft:killed":{"minecraft:spider":5,"minecraft:skeleton":4,"minecraft:drowned":1,"minecraft:iron_golem":15,"minecraft:creeper":4,"minecraft:sheep":4,"minecraft:pillager":2,"minecraft:zombie":3,"minecraft:villager":1,"minecraft:cow":5},"minecraft:crafted":{"minecraft:grindstone":1,"minecraft:oak_planks":624,"minecraft:stone_shovel":1,"minecraft:tripwire_hook":4,"minecraft:dark_oak_boat":1,"minecraft:furnace":2,"minecraft:stone":3,"minecraft:lever":2,"minecraft:bone_meal":6,"minecraft:oak_trapdoor":4,"minecraft:flint_and_steel":1,"minecraft:diamond_helmet":1,"minecraft:diamond_leggings":1,"minecraft:bow":8,"minecraft:iron_axe":12,"minecraft:ladder":6,"minecraft:iron_hoe":1,"minecraft:stone_pickaxe":11,"minecraft:chest":16,"minecraft:diamond_boots":1,"minecraft:dark_oak_planks":220,"minecraft:smoker":1,"minecraft:wheat":99,"minecraft:emerald":512,"minecraft:crafting_table":3,"minecraft:baked_potato":21,"minecraft:iron_helmet":10,"minecraft:smithing_table":1,"minecraft:fletching_table":1,"minecraft:bread":38,"minecraft:air":0,"minecraft:jungle_planks":32,"minecraft:white_wool":28,"minecraft:charcoal":26,"minecraft:shield":12,"minecraft:stick":612,"minecraft:stone_slab":6,"minecraft:iron_pickaxe":1,"minecraft:wooden_axe":1,"minecraft:iron_shovel":1,"minecraft:white_bed":10,"minecraft:torch":68,"minecraft:shears":1,"minecraft:diamond_chestplate":1}},"DataVersion":3953}