{"stats":{"minecraft:dropped":{"minecraft:baked_potato":1,"minecraft:flint":3,"minecraft:dirt":13,"minecraft:dispenser":7,"minecraft:cornflower":6,"minecraft:bone":2,"minecraft:gravel":6,"minecraft:wheat":640,"minecraft:rotten_flesh":48,"minecraft:azure_bluet":12,"minecraft:white_bed":1,"minecraft:carrot":37,"minecraft:poppy":168,"minecraft:dropper":1,"minecraft:leather_boots":2,"minecraft:ladder":2,"minecraft:leather_leggings":2,"minecraft:arrow":11,"minecraft:netherrack":1,"minecraft:egg":3,"minecraft:enchanted_book":2,"minecraft:water_bucket":1,"minecraft:iron_ingot":30,"minecraft:wheat_seeds":1411,"minecraft:bookshelf":1,"minecraft:poisonous_potato":1,"minecraft:iron_helmet":20,"minecraft:cobblestone":30,"minecraft:stick":6,"minecraft:oxeye_daisy":7,"minecraft:iron_axe":19,"minecraft:string":6660,"minecraft:bucket":1,"minecraft:dandelion":51,"minecraft:redstone":1,"minecraft:tuff":2,"minecraft:potato":37,"minecraft:shield":23,"minecraft:oak_sapling":1,"minecraft:stone_bricks":256,"minecraft:bow":19,"minecraft:stone_pickaxe":22},"minecraft:custom":{"minecraft:animals_bred":114,"minecraft:interact_with_crafting_table":204,"minecraft:open_barrel":17,"minecraft:bell_ring":86,"minecraft:leave_game":15,"minecraft:time_since_death":1069165,"minecraft:sprint_one_cm":6268028,"minecraft:damage_blocked_by_shield":2878,"minecraft:drop":496,"minecraft:talked_to_villager":826,"minecraft:play_time":2166605,"minecraft:deaths":6,"minecraft:jump":32873,"minecraft:walk_on_water_one_cm":157085,"minecraft:enchant_item":18,"minecraft:interact_with_furnace":544,"minecraft:traded_with_villager":2338,"minecraft:interact_with_cartography_table":2,"minecraft:sleep_in_bed":111,"minecraft:damage_dealt":130531,"minecraft:crouch_one_cm":522627,"minecraft:interact_with_smoker":40,"minecraft:use_cauldron":27,"minecraft:inspect_dispenser":46,"minecraft:inspect_dropper":2,"minecraft:interact_with_anvil":11,"minecraft:mob_kills":347,"minecraft:inspect_hopper":368,"minecraft:climb_one_cm":127712,"minecraft:walk_one_cm":3800150,"minecraft:sneak_time":145677,"minecraft:walk_under_water_one_cm":53577,"minecraft:boat_one_cm":138043,"minecraft:interact_with_blast_furnace":8,"minecraft:total_world_time":2166605,"minecraft:interact_with_stonecutter":22,"minecraft:interact_with_grindstone":16,"minecraft:time_since_rest":34344,"minecraft:damage_taken":10506,"minecraft:swim_one_cm":90407,"minecraft:fly_one_cm":8290868,"minecraft:open_chest":1438,"minecraft:fall_one_cm":885368},"minecraft:crafted":{"minecraft:grindstone":2,"minecraft:oak_planks":1780,"minecraft:smooth_stone":6,"minecraft:barrel":2,"minecraft:oak_sign":18,"minecraft:dark_oak_boat":1,"minecraft:stone":2506,"minecraft:cobblestone_stairs":76,"minecraft:diamond_shovel":3,"minecraft:lever":3,"minecraft:bookshelf":42,"minecraft:glass":46,"minecraft:hopper":63,"minecraft:stone_brick_slab":2,"minecraft:diamond_helmet":1,"minecraft:repeater":16,"minecraft:bow":24,"minecraft:diamond_leggings":1,"minecraft:chest":157,"minecraft:rail":48,"minecraft:stone_bricks":2285,"minecraft:oak_fence":90,"minecraft:name_tag":4,"minecraft:smoker":1,"minecraft:dropper":2,"minecraft:oak_slab":24,"minecraft:emerald":2209,"minecraft:cauldron":9,"minecraft:soul_campfire":9,"minecraft:diamond_axe":0,"minecraft:crafting_table":3,"minecraft:baked_potato":200,"minecraft:iron_helmet":10,"minecraft:smithing_table":1,"minecraft:fletching_table":1,"minecraft:dispenser":16,"minecraft:lectern":6,"minecraft:diamond_pickaxe":1,"minecraft:book":9,"minecraft:paper":114,"minecraft:charcoal":123,"minecraft:shield":12,"minecraft:stick":1428,"minecraft:stone_slab":12,"minecraft:iron_ingot":257,"minecraft:iron_pickaxe":2,"minecraft:iron_block":109,"minecraft:redstone_torch":32,"minecraft:shears":1,"minecraft:coarse_dirt":4,"minecraft:stone_shovel":1,"minecraft:tripwire_hook":4,"minecraft:diamond_hoe":1,"minecraft:furnace":11,"minecraft:blast_furnace":1,"minecraft:dark_oak_trapdoor":12,"minecraft:bone_meal":24,"minecraft:oak_trapdoor":4,"minecraft:flint_and_steel":1,"minecraft:iron_axe":13,"minecraft:ladder":39,"minecraft:iron_hoe":1,"minecraft:stone_pickaxe":11,"minecraft:diamond_boots":1,"minecraft:dark_oak_planks":440,"minecraft:minecart":1,"minecraft:wheat":99,"minecraft:diamond_sword":1,"minecraft:enchanting_table":1,"minecraft:bucket":20,"minecraft:enchanted_book":11,"minecraft:jungle_slab":12,"minecraft:air":0,"minecraft:bread":38,"minecraft:jungle_planks":116,"minecraft:oak_fence_gate":101,"minecraft:white_wool":144,"minecraft:oak_stairs":72,"minecraft:wooden_axe":1,"minecraft:iron_shovel":4,"minecraft:anvil":6,"minecraft:white_bed":43,"minecraft:acacia_planks":580,"minecraft:torch":804,"minecraft:diamond_chestplate":1},"minecraft:broken":{"minecraft:iron_shovel":4,"minecraft:diamond_shovel":2,"minecraft:wooden_axe":1,"minecraft:shield":1,"minecraft:iron_axe":4,"minecraft:iron_pickaxe":2},"minecraft:picked_up":{"minecraft:wooden_axe":1,"minecraft:chiseled_deepslate":5,"minecraft:wheat":904,"minecraft:lead":4,"minecraft:diamond_sword":4,"minecraft:oak_stairs":399,"minecraft:enchanted_book":2,"minecraft:stone_brick_stairs":13,"minecraft:brewing_stand":1,"minecraft:amethyst_block":27,"minecraft:string":82730,"minecraft:dark_oak_trapdoor":1,"minecraft:raw_copper":45,"minecraft:beetroot":2,"minecraft:diamond_leggings":4,"minecraft:cobbled_deepslate":184,"minecraft:calcite":2,"minecraft:stick":100,"minecraft:composter":4,"minecraft:oak_fence":25,"minecraft:torch":321,"minecraft:acacia_log":145,"minecraft:pointed_dripstone":75,"minecraft:diorite":4,"minecraft:rotten_flesh":45,"minecraft:armadillo_scute":1,"minecraft:bookshelf":1,"minecraft:white_terracotta":109,"minecraft:obsidian":37,"minecraft:cobblestone":9067,"minecraft:cooked_beef":204,"minecraft:andesite":2,"minecraft:water_bucket":6,"minecraft:jungle_log":38,"minecraft:dark_oak_boat":4,"minecraft:potato":821,"minecraft:flint":27,"minecraft:tuff":14,"minecraft:lapis_lazuli":406,"minecraft:dirt":20622,"minecraft:leather_boots":2,"minecraft:bone":44,"minecraft:chipped_anvil":1,"minecraft:stonecutter":11,"minecraft:bow":13,"minecraft:wheat_seeds":2777,"minecraft:raw_gold":69,"minecraft:bell":4,"minecraft:fletching_table":1,"minecraft:diamond_helmet":4,"minecraft:moss_block":8,"minecraft:oak_planks":412,"minecraft:oak_pressure_plate":2,"minecraft:poisonous_potato":2,"minecraft:dropper":3,"minecraft:sand":179,"minecraft:grass_block":1,"minecraft:dark_oak_log":226,"minecraft:barrel":7,"minecraft:mossy_cobblestone":58,"minecraft:dispenser":8,"minecraft:yellow_carpet":4,"minecraft:diamond":94,"minecraft:lever":4,"minecraft:granite":262,"minecraft:emerald":148,"minecraft:oak_sapling":69,"minecraft:netherrack":14,"minecraft:diamond_pickaxe":4,"minecraft:coarse_dirt":4,"minecraft:crafting_table":13,"minecraft:azure_bluet":12,"minecraft:ominous_bottle":1,"minecraft:ladder":6,"minecraft:clay_ball":16,"minecraft:leather_leggings":3,"minecraft:shield":12,"minecraft:cornflower":6,"minecraft:oak_trapdoor":25,"minecraft:iron_axe":11,"minecraft:compass":2,"minecraft:white_carpet":5,"minecraft:iron_shovel":1,"minecraft:cartography_table":2,"minecraft:beef":21,"minecraft:jungle_sapling":1,"minecraft:iron_nugget":18,"minecraft:poppy":130,"minecraft:minecart":8,"minecraft:lectern":238,"minecraft:sugar_cane":439,"minecraft:chest":22,"minecraft:egg":17,"minecraft:dark_oak_sapling":19,"minecraft:raw_iron":214,"minecraft:oak_door":16,"minecraft:carrot":559,"minecraft:redstone":338,"minecraft:dark_oak_planks":44,"minecraft:arrow":66,"minecraft:diamond_chestplate":4,"minecraft:beetroot_seeds":10,"minecraft:diamond_boots":4,"minecraft:hay_block":11,"minecraft:gold_ingot":1,"minecraft:mutton":14,"minecraft:rail":80,"minecraft:white_wool":5,"minecraft:oxeye_daisy":9,"minecraft:stripped_oak_log":49,"minecraft:clock":2,"minecraft:leather":113,"minecraft:filled_map":2,"minecraft:oak_log":605,"minecraft:yellow_bed":6,"minecraft:gunpowder":16,"minecraft:cobblestone_stairs":17,"minecraft:paper":66,"minecraft:white_banner":3,"minecraft:coast_armor_trim_smithing_template":4,"minecraft:apple":16,"minecraft:stone_bricks":371,"minecraft:kelp":42,"minecraft:iron_ingot":430,"minecraft:oak_fence_gate":3,"minecraft:stone_pickaxe":11,"minecraft:stripped_oak_wood":1,"minecraft:acacia_sapling":21,"minecraft:soul_sand":34,"minecraft:book":21,"minecraft:oak_slab":20,"minecraft:stone_brick_slab":21,"minecraft:dandelion":66,"minecraft:dripstone_block":91,"minecraft:gravel":219,"minecraft:amethyst_shard":24,"minecraft:blast_furnace":1,"minecraft:white_bed":9,"minecraft:spider_eye":5,"minecraft:diamond_shovel":1,"minecraft:iron_helmet":10,"minecraft:diamond_axe":4,"minecraft:terracotta":2,"minecraft:baked_potato":133,"minecraft:coal":383,"minecraft:hopper":26},"minecraft:killed":{"minecraft:zombified_piglin":1,"minecraft:spider":18,"minecraft:skeleton":33,"minecraft:iron_golem":100,"minecraft:creeper":19,"minecraft:sheep":5,"minecraft:trader_llama":4,"minecraft:pillager":2,"minecraft:zombie":46,"minecraft:cow":90,"minecraft:phantom":2,"minecraft:drowned":1,"minecraft:bat":1,"minecraft:wandering_trader":2,"minecraft:villager":3,"minecraft:enderman":1},"minecraft:killed_by":{"minecraft:creeper":2,"minecraft:iron_golem":2},"minecraft:used":{"minecraft:iron_shovel":1001,"minecraft:chiseled_deepslate":67,"minecraft:oak_sign":18,"minecraft:dispenser":17,"minecraft:ladder":33,"minecraft:poppy":2,"minecraft:diamond_hoe":460,"minecraft:shield":40,"minecraft:chest":112,"minecraft:white_terracotta":109,"minecraft:zombie_spawn_egg":4,"minecraft:bell":4,"minecraft:rotten_flesh":4,"minecraft:soul_campfire":9,"minecraft:soul_sand":4,"minecraft:carrot":249,"minecraft:tuff":3,"minecraft:obsidian":10,"minecraft:jungle_sapling":1,"minecraft:glass":44,"minecraft:lava_bucket":6,"minecraft:villager_spawn_egg":32,"minecraft:stone_brick_stairs":261,"minecraft:stone_bricks":2004,"minecraft:repeater":16,"minecraft:dark_oak_boat":3,"minecraft:oak_sapling":18,"minecraft:furnace":9,"minecraft:egg":7,"minecraft:potato":413,"minecraft:dark_oak_sapling":14,"minecraft:diorite":1,"minecraft:leather_leggings":1,"minecraft:dropper":2,"minecraft:oak_planks":445,"minecraft:sugar_cane":45,"minecraft:composter":2,"minecraft:diamond_axe":2269,"minecraft:white_wool":1,"minecraft:dark_oak_trapdoor":9,"minecraft:blast_furnace":2,"minecraft:dripstone_block":13,"minecraft:shears":2,"minecraft:lever":8,"minecraft:dark_oak_log":21,"minecraft:string":21,"minecraft:bread":50,"minecraft:lectern":243,"minecraft:gravel":145,"minecraft:diamond_sword":810,"minecraft:grindstone":2,"minecraft:smithing_table":1,"minecraft:andesite":2,"minecraft:coarse_dirt":8,"minecraft:bone_meal":69,"minecraft:oak_fence":78,"minecraft:oak_trapdoor":7,"minecraft:enchanting_table":1,"minecraft:flint_and_steel":23,"minecraft:stone_shovel":128,"minecraft:redstone":33,"minecraft:netherrack":131,"minecraft:torch":983,"minecraft:brewing_stand":1,"minecraft:dirt":16477,"minecraft:anvil":6,"minecraft:white_carpet":4,"minecraft:hopper":87,"minecraft:diamond_helmet":1,"minecraft:granite":262,"minecraft:oak_fence_gate":104,"minecraft:iron_hoe":128,"minecraft:dark_oak_planks":123,"minecraft:stone_brick_slab":505,"minecraft:wooden_axe":63,"minecraft:chipped_anvil":1,"minecraft:bookshelf":29,"minecraft:iron_axe":688,"minecraft:oak_stairs":469,"minecraft:barrel":9,"minecraft:diamond_chestplate":2,"minecraft:tripwire_hook":7,"minecraft:beef":4,"minecraft:minecart":8,"minecraft:cooked_beef":129,"minecraft:cobbled_deepslate":29,"minecraft:pointed_dripstone":10,"minecraft:calcite":2,"minecraft:wheat_seeds":1096,"minecraft:water_bucket":403,"minecraft:cobblestone_stairs":93,"minecraft:baked_potato":164,"minecraft:cartography_table":1,"minecraft:cauldron":9,"minecraft:fletching_table":2,"minecraft:stonecutter":11,"minecraft:mossy_cobblestone":58,"minecraft:rail":126,"minecraft:terracotta":2,"minecraft:crafting_table":14,"minecraft:oak_slab":20,"minecraft:white_bed":50,"minecraft:smoker":1,"minecraft:oak_log":29,"minecraft:diamond_pickaxe":12057,"minecraft:apple":2,"minecraft:diamond_shovel":6464,"minecraft:iron_pickaxe":966,"minecraft:cobblestone":4512,"minecraft:white_banner":3,"minecraft:bucket":433,"minecraft:yellow_bed":6},"minecraft:mined":{"minecraft:dark_oak_planks":24,"minecraft:large_amethyst_bud":1,"minecraft:white_bed":7,"minecraft:oak_sapling":1,"minecraft:farmland":39,"minecraft:cobblestone_stairs":17,"minecraft:sculk_vein":2,"minecraft:jungle_leaves":22,"minecraft:brewing_stand":1,"minecraft:obsidian":37,"minecraft:granite":265,"minecraft:budding_amethyst":1,"minecraft:acacia_log":150,"minecraft:grass_block":14898,"minecraft:yellow_carpet":1,"minecraft:jungle_log":30,"minecraft:oak_pressure_plate":1,"minecraft:composter":4,"minecraft:hopper":25,"minecraft:oxeye_daisy":3,"minecraft:dark_oak_trapdoor":1,"minecraft:iron_ore":48,"minecraft:fire":10,"minecraft:barrel":7,"minecraft:fletching_table":1,"minecraft:deepslate_lapis_ore":20,"minecraft:azure_bluet":9,"minecraft:pointed_dripstone":1,"minecraft:dirt_path":452,"minecraft:oak_stairs":403,"minecraft:tripwire":15,"minecraft:deepslate_redstone_ore":29,"minecraft:amethyst_cluster":2,"minecraft:clay":4,"minecraft:torch":47,"minecraft:blast_furnace":1,"minecraft:calcite":2,"minecraft:poppy":7,"minecraft:chest":18,"minecraft:glass":1,"minecraft:cobblestone":495,"minecraft:oak_planks":407,"minecraft:sugar_cane":172,"minecraft:wall_torch":12,"minecraft:amethyst_block":9,"minecraft:white_terracotta":109,"minecraft:wheat":260,"minecraft:stripped_oak_wood":1,"minecraft:stone_brick_stairs":13,"minecraft:oak_log":603,"minecraft:beetroots":4,"minecraft:oak_fence_gate":3,"minecraft:dark_oak_sapling":2,"minecraft:sand":182,"minecraft:dirt":7877,"minecraft:stonecutter":11,"minecraft:dispenser":1,"minecraft:netherrack":14,"minecraft:oak_leaves":516,"minecraft:deepslate":95,"minecraft:diamond_ore":1,"minecraft:tuff":8,"minecraft:mossy_cobblestone":58,"minecraft:dark_oak_leaves":85,"minecraft:deepslate_diamond_ore":36,"minecraft:oak_door":3,"minecraft:dark_oak_log":130,"minecraft:lever":3,"minecraft:ladder":6,"minecraft:redstone_wire":14,"minecraft:cartography_table":2,"minecraft:hay_block":11,"minecraft:oak_trapdoor":23,"minecraft:carrots":204,"minecraft:andesite":2,"minecraft:chiseled_deepslate":5,"minecraft:bell":4,"minecraft:bookshelf":7,"minecraft:potatoes":201,"minecraft:deepslate_iron_ore":41,"minecraft:vine":29,"minecraft:rail":80,"minecraft:stripped_oak_log":49,"minecraft:stone":9100,"minecraft:oak_slab":20,"minecraft:acacia_leaves":125,"minecraft:glass_pane":41,"minecraft:soul_sand":34,"minecraft:stone_brick_slab":16,"minecraft:dandelion":32,"minecraft:oak_fence":25,"minecraft:crafting_table":11,"minecraft:cornflower":2,"minecraft:short_grass":968,"minecraft:dropper":2,"minecraft:sculk_sensor":1,"minecraft:lectern":238,"minecraft:copper_ore":13,"minecraft:tall_grass":130,"minecraft:deepslate_gold_ore":23,"minecraft:sculk":8,"minecraft:diorite":2,"minecraft:coarse_dirt":4,"minecraft:white_carpet":1,"minecraft:yellow_bed":6,"minecraft:coal_ore":361,"minecraft:gravel":241,"minecraft:dripstone_block":33,"minecraft:terracotta":2,"minecraft:stone_bricks":115,"minecraft:chipped_anvil":1,"minecraft:fern":15}},"DataVersion":3953}