{"stats":{"minecraft:picked_up":{"minecraft:wooden_axe":1,"minecraft:crafting_table":5,"minecraft:wheat":80,"minecraft:ominous_bottle":1,"minecraft:ladder":5,"minecraft:leather_leggings":2,"minecraft:oak_stairs":1,"minecraft:brewing_stand":1,"minecraft:shield":12,"minecraft:oak_trapdoor":1,"minecraft:string":17638,"minecraft:iron_axe":11,"minecraft:white_carpet":1,"minecraft:compass":2,"minecraft:beetroot":1,"minecraft:cartography_table":2,"minecraft:beef":14,"minecraft:iron_nugget":18,"minecraft:poppy":37,"minecraft:sugar_cane":39,"minecraft:chest":1,"minecraft:egg":1,"minecraft:dark_oak_sapling":6,"minecraft:stick":27,"minecraft:raw_iron":2,"minecraft:oak_door":5,"minecraft:composter":4,"minecraft:oak_fence":3,"minecraft:torch":25,"minecraft:carrot":376,"minecraft:dark_oak_planks":21,"minecraft:rotten_flesh":10,"minecraft:arrow":6,"minecraft:beetroot_seeds":5,"minecraft:hay_block":11,"minecraft:gold_ingot":1,"minecraft:mutton":14,"minecraft:cobblestone":117,"minecraft:white_wool":5,"minecraft:oxeye_daisy":1,"minecraft:stripped_oak_log":21,"minecraft:clock":2,"minecraft:jungle_log":22,"minecraft:leather":8,"minecraft:dark_oak_boat":4,"minecraft:potato":100,"minecraft:filled_map":2,"minecraft:flint":7,"minecraft:oak_log":235,"minecraft:gunpowder":5,"minecraft:yellow_bed":6,"minecraft:cobblestone_stairs":7,"minecraft:dirt":984,"minecraft:paper":18,"minecraft:white_banner":1,"minecraft:coast_armor_trim_smithing_template":4,"minecraft:bone":2,"minecraft:kelp":28,"minecraft:wheat_seeds":232,"minecraft:bell":4,"minecraft:stone_pickaxe":11,"minecraft:iron_ingot":139,"minecraft:stripped_oak_wood":1,"minecraft:fletching_table":1,"minecraft:moss_block":8,"minecraft:oak_planks":53,"minecraft:dandelion":6,"minecraft:poisonous_potato":1,"minecraft:gravel":67,"minecraft:blast_furnace":1,"minecraft:white_bed":7,"minecraft:barrel":7,"minecraft:dark_oak_log":151,"minecraft:spider_eye":4,"minecraft:mossy_cobblestone":10,"minecraft:lever":1,"minecraft:iron_helmet":10,"minecraft:emerald":4,"minecraft:oak_sapling":6,"minecraft:coal":29},"minecraft:used":{"minecraft:oak_trapdoor":6,"minecraft:iron_shovel":874,"minecraft:flint_and_steel":21,"minecraft:stone_shovel":128,"minecraft:poppy":1,"minecraft:ladder":11,"minecraft:shield":7,"minecraft:chest":17,"minecraft:bell":4,"minecraft:rotten_flesh":4,"minecraft:torch":93,"minecraft:brewing_stand":1,"minecraft:dirt":577,"minecraft:carrot":249,"minecraft:iron_hoe":128,"minecraft:wooden_axe":63,"minecraft:iron_axe":688,"minecraft:barrel":9,"minecraft:tripwire_hook":7,"minecraft:beef":4,"minecraft:dark_oak_boat":3,"minecraft:oak_sapling":6,"minecraft:furnace":1,"minecraft:potato":65,"minecraft:wheat_seeds":70,"minecraft:water_bucket":31,"minecraft:leather_leggings":1,"minecraft:cobblestone_stairs":4,"minecraft:baked_potato":27,"minecraft:oak_planks":413,"minecraft:cartography_table":1,"minecraft:diamond_axe":28,"minecraft:composter":2,"minecraft:fletching_table":2,"minecraft:sugar_cane":19,"minecraft:white_wool":1,"minecraft:mossy_cobblestone":10,"minecraft:crafting_table":6,"minecraft:blast_furnace":1,"minecraft:white_bed":15,"minecraft:shears":2,"minecraft:smoker":1,"minecraft:oak_log":3,"minecraft:lever":4,"minecraft:dark_oak_log":21,"minecraft:bread":50,"minecraft:string":13,"minecraft:iron_pickaxe":184,"minecraft:gravel":43,"minecraft:cobblestone":49,"minecraft:white_banner":1,"minecraft:grindstone":1,"minecraft:smithing_table":1,"minecraft:bucket":29,"minecraft:yellow_bed":6,"minecraft:bone_meal":6},"minecraft:dropped":{"minecraft:wheat_seeds":9,"minecraft:iron_helmet":20,"minecraft:iron_axe":19,"minecraft:dandelion":2,"minecraft:rotten_flesh":2,"minecraft:white_bed":1,"minecraft:carrot":37,"minecraft:poppy":29,"minecraft:shield":23,"minecraft:leather_leggings":1,"minecraft:bow":8,"minecraft:stone_pickaxe":22},"minecraft:broken":{"minecraft:iron_shovel":3,"minecraft:iron_axe":4,"minecraft:wooden_axe":1},"minecraft:custom":{"minecraft:mob_kills":61,"minecraft:interact_with_crafting_table":61,"minecraft:open_barrel":15,"minecraft:bell_ring":86,"minecraft:leave_game":7,"minecraft:time_since_death":305811,"minecraft:climb_one_cm":38437,"minecraft:sprint_one_cm":954492,"minecraft:walk_one_cm":497674,"minecraft:damage_blocked_by_shield":511,"minecraft:drop":118,"minecraft:talked_to_villager":210,"minecraft:play_time":345362,"minecraft:deaths":2,"minecraft:sneak_time":20081,"minecraft:walk_under_water_one_cm":31498,"minecraft:boat_one_cm":138043,"minecraft:jump":7291,"minecraft:walk_on_water_one_cm":27160,"minecraft:total_world_time":345362,"minecraft:interact_with_furnace":21,"minecraft:traded_with_villager":1037,"minecraft:interact_with_cartography_table":2,"minecraft:sleep_in_bed":22,"minecraft:time_since_rest":7954,"minecraft:damage_taken":2265,"minecraft:damage_dealt":35452,"minecraft:swim_one_cm":44334,"minecraft:fly_one_cm":1957593,"minecraft:open_chest":222,"minecraft:crouch_one_cm":52973,"minecraft:interact_with_smoker":23,"minecraft:fall_one_cm":238040},"minecraft:mined":{"minecraft:white_bed":5,"minecraft:farmland":26,"minecraft:mossy_cobblestone":10,"minecraft:dark_oak_leaves":2,"minecraft:cobblestone_stairs":7,"minecraft:jungle_leaves":3,"minecraft:dark_oak_log":55,"minecraft:brewing_stand":1,"minecraft:ladder":5,"minecraft:grass_block":858,"minecraft:jungle_log":14,"minecraft:cartography_table":2,"minecraft:composter":4,"minecraft:hay_block":11,"minecraft:carrots":190,"minecraft:iron_ore":2,"minecraft:fire":6,"minecraft:barrel":7,"minecraft:fletching_table":1,"minecraft:bell":4,"minecraft:potatoes":38,"minecraft:dirt_path":28,"minecraft:oak_stairs":2,"minecraft:stripped_oak_log":21,"minecraft:stone":1,"minecraft:tripwire":7,"minecraft:glass_pane":12,"minecraft:dandelion":2,"minecraft:torch":1,"minecraft:oak_fence":3,"minecraft:crafting_table":3,"minecraft:short_grass":194,"minecraft:blast_furnace":1,"minecraft:poppy":1,"minecraft:chest":1,"minecraft:tall_grass":2,"minecraft:cobblestone":116,"minecraft:sugar_cane":15,"minecraft:oak_planks":49,"minecraft:wheat":112,"minecraft:white_carpet":1,"minecraft:stripped_oak_wood":1,"minecraft:yellow_bed":6,"minecraft:coal_ore":19,"minecraft:oak_log":232,"minecraft:beetroots":4,"minecraft:gravel":74,"minecraft:dirt":25,"minecraft:oak_leaves":41},"minecraft:killed_by":{"minecraft:creeper":1},"minecraft:killed":{"minecraft:spider":5,"minecraft:skeleton":4,"minecraft:drowned":1,"minecraft:iron_golem":31,"minecraft:creeper":4,"minecraft:sheep":4,"minecraft:pillager":2,"minecraft:zombie":4,"minecraft:villager":1,"minecraft:cow":5},"minecraft:crafted":{"minecraft:grindstone":1,"minecraft:oak_planks":704,"minecraft:stone_shovel":1,"minecraft:barrel":2,"minecraft:tripwire_hook":4,"minecraft:dark_oak_boat":1,"minecraft:furnace":2,"minecraft:stone":3,"minecraft:lever":2,"minecraft:bone_meal":6,"minecraft:oak_trapdoor":4,"minecraft:flint_and_steel":1,"minecraft:diamond_helmet":1,"minecraft:diamond_leggings":1,"minecraft:bow":8,"minecraft:iron_axe":13,"minecraft:ladder":6,"minecraft:iron_hoe":1,"minecraft:stone_pickaxe":11,"minecraft:chest":16,"minecraft:diamond_boots":1,"minecraft:dark_oak_planks":220,"minecraft:oak_fence":24,"minecraft:smoker":1,"minecraft:wheat":99,"minecraft:oak_slab":12,"minecraft:emerald":980,"minecraft:diamond_axe":0,"minecraft:crafting_table":3,"minecraft:baked_potato":32,"minecraft:iron_helmet":10,"minecraft:smithing_table":1,"minecraft:fletching_table":1,"minecraft:bread":38,"minecraft:air":0,"minecraft:jungle_planks":32,"minecraft:oak_fence_gate":1,"minecraft:white_wool":28,"minecraft:charcoal":51,"minecraft:shield":12,"minecraft:stick":640,"minecraft:stone_slab":6,"minecraft:iron_pickaxe":1,"minecraft:wooden_axe":1,"minecraft:iron_shovel":4,"minecraft:white_bed":10,"minecraft:torch":68,"minecraft:shears":1,"minecraft:diamond_chestplate":1}},"DataVersion":3953}