{"stats":{"minecraft:custom":{"minecraft:mob_kills":10,"minecraft:interact_with_crafting_table":18,"minecraft:leave_game":1,"minecraft:time_since_death":117626,"minecraft:sleep_in_bed":5,"minecraft:climb_one_cm":2260,"minecraft:time_since_rest":13518,"minecraft:sprint_one_cm":249174,"minecraft:damage_taken":1032,"minecraft:walk_one_cm":182847,"minecraft:drop":1,"minecraft:damage_dealt":3422,"minecraft:swim_one_cm":28805,"minecraft:fly_one_cm":476559,"minecraft:open_chest":19,"minecraft:crouch_one_cm":17488,"minecraft:play_time":117626,"minecraft:sneak_time":5034,"minecraft:walk_under_water_one_cm":6521,"minecraft:boat_one_cm":298972,"minecraft:jump":1909,"minecraft:walk_on_water_one_cm":10505,"minecraft:total_world_time":117626,"minecraft:fall_one_cm":56708},"minecraft:crafted":{"minecraft:oak_planks":440,"minecraft:tripwire_hook":2,"minecraft:crafting_table":1,"minecraft:lever":1,"minecraft:bucket":1,"minecraft:bread":15,"minecraft:oak_trapdoor":2,"minecraft:flint_and_steel":1,"minecraft:oak_boat":1,"minecraft:iron_axe":1,"minecraft:ladder":6,"minecraft:stick":24,"minecraft:iron_pickaxe":1,"minecraft:wooden_axe":1,"minecraft:chest":2,"minecraft:iron_shovel":1,"minecraft:shears":1,"minecraft:wheat":45},"minecraft:broken":{"minecraft:wooden_axe":1},"minecraft:used":{"minecraft:oak_trapdoor":5,"minecraft:water_bucket":10,"minecraft:iron_shovel":236,"minecraft:flint_and_steel":17,"minecraft:ladder":6,"minecraft:oak_planks":245,"minecraft:chest":2,"minecraft:bell":1,"minecraft:sugar_cane":41,"minecraft:rotten_flesh":1,"minecraft:golden_apple":1,"minecraft:dirt":22,"minecraft:crafting_table":2,"minecraft:shears":12,"minecraft:oak_log":6,"minecraft:wooden_axe":63,"minecraft:lever":3,"minecraft:apple":1,"minecraft:iron_axe":129,"minecraft:bread":14,"minecraft:string":24,"minecraft:iron_pickaxe":120,"minecraft:gravel":52,"minecraft:tripwire_hook":9,"minecraft:cobblestone":77,"minecraft:golden_carrot":7,"minecraft:bucket":10,"minecraft:birch_log":1,"minecraft:oak_boat":2},"minecraft:picked_up":{"minecraft:stripped_oak_log":1,"minecraft:birch_log":1,"minecraft:crafting_table":1,"minecraft:wheat":18,"minecraft:tripwire_hook":7,"minecraft:oak_stairs":1,"minecraft:flint":7,"minecraft:oak_log":115,"minecraft:gunpowder":2,"minecraft:oak_trapdoor":3,"minecraft:dirt":217,"minecraft:string":24,"minecraft:apple":1,"minecraft:wheat_seeds":18,"minecraft:bell":1,"minecraft:iron_ingot":6,"minecraft:oak_boat":2,"minecraft:bamboo":8,"minecraft:jungle_sapling":2,"minecraft:spruce_slab":1,"minecraft:lectern":1,"minecraft:sugar_cane":51,"minecraft:oak_planks":13,"minecraft:egg":1,"minecraft:book":12,"minecraft:stick":4,"minecraft:oak_door":4,"minecraft:torch":13,"minecraft:gravel":52,"minecraft:carrot":4,"minecraft:rotten_flesh":5,"minecraft:lever":2,"minecraft:hay_block":5,"minecraft:armadillo_scute":1,"minecraft:oak_sapling":8,"minecraft:cobblestone":108},"minecraft:mined":{"minecraft:glass_pane":8,"minecraft:oak_door":2,"minecraft:jungle_leaves":31,"minecraft:crafting_table":1,"minecraft:short_grass":109,"minecraft:grass_block":193,"minecraft:lectern":1,"minecraft:cobblestone":108,"minecraft:oak_planks":14,"minecraft:sugar_cane":26,"minecraft:wall_torch":4,"minecraft:hay_block":5,"minecraft:oak_trapdoor":3,"minecraft:carrots":1,"minecraft:birch_log":1,"minecraft:fire":5,"minecraft:bell":1,"minecraft:bookshelf":4,"minecraft:oak_log":114,"minecraft:dirt_path":18,"minecraft:oak_stairs":3,"minecraft:gravel":59,"minecraft:dirt":6,"minecraft:stripped_oak_log":1,"minecraft:bamboo":1,"minecraft:tripwire_hook":5,"minecraft:oak_leaves":56,"minecraft:spruce_slab":1,"minecraft:tripwire":16},"minecraft:killed":{"minecraft:spider":4,"minecraft:iron_golem":2,"minecraft:creeper":1,"minecraft:zombie":3},"minecraft:dropped":{"minecraft:wheat":18}},"DataVersion":3953}