{"stats":{"minecraft:custom":{"minecraft:mob_kills":8,"minecraft:interact_with_crafting_table":13,"minecraft:time_since_death":89951,"minecraft:sleep_in_bed":3,"minecraft:climb_one_cm":206,"minecraft:time_since_rest":7975,"minecraft:sprint_one_cm":219002,"minecraft:damage_taken":954,"minecraft:walk_one_cm":133902,"minecraft:drop":1,"minecraft:damage_dealt":2223,"minecraft:swim_one_cm":28805,"minecraft:fly_one_cm":434540,"minecraft:open_chest":14,"minecraft:crouch_one_cm":13928,"minecraft:play_time":89951,"minecraft:sneak_time":3611,"minecraft:walk_under_water_one_cm":6168,"minecraft:boat_one_cm":298972,"minecraft:jump":1630,"minecraft:walk_on_water_one_cm":6933,"minecraft:total_world_time":89951,"minecraft:fall_one_cm":48613},"minecraft:crafted":{"minecraft:oak_planks":280,"minecraft:crafting_table":1,"minecraft:bread":12,"minecraft:flint_and_steel":1,"minecraft:oak_boat":1,"minecraft:iron_axe":1,"minecraft:stick":8,"minecraft:iron_pickaxe":1,"minecraft:wooden_axe":1,"minecraft:chest":2,"minecraft:iron_shovel":1,"minecraft:wheat":45},"minecraft:broken":{"minecraft:wooden_axe":1},"minecraft:used":{"minecraft:iron_shovel":236,"minecraft:flint_and_steel":17,"minecraft:oak_planks":99,"minecraft:chest":2,"minecraft:sugar_cane":41,"minecraft:rotten_flesh":1,"minecraft:golden_apple":1,"minecraft:dirt":22,"minecraft:crafting_table":2,"minecraft:oak_log":5,"minecraft:wooden_axe":63,"minecraft:apple":1,"minecraft:iron_axe":101,"minecraft:bread":12,"minecraft:iron_pickaxe":63,"minecraft:gravel":52,"minecraft:golden_carrot":7,"minecraft:birch_log":1,"minecraft:oak_boat":2},"minecraft:picked_up":{"minecraft:stripped_oak_log":1,"minecraft:birch_log":1,"minecraft:crafting_table":1,"minecraft:wheat":18,"minecraft:flint":7,"minecraft:oak_log":106,"minecraft:gunpowder":2,"minecraft:dirt":217,"minecraft:string":2,"minecraft:apple":1,"minecraft:wheat_seeds":18,"minecraft:bell":1,"minecraft:iron_ingot":3,"minecraft:oak_boat":2,"minecraft:bamboo":8,"minecraft:jungle_sapling":2,"minecraft:spruce_slab":1,"minecraft:lectern":1,"minecraft:sugar_cane":51,"minecraft:oak_planks":10,"minecraft:egg":1,"minecraft:book":12,"minecraft:stick":4,"minecraft:oak_door":4,"minecraft:torch":13,"minecraft:gravel":52,"minecraft:carrot":4,"minecraft:rotten_flesh":3,"minecraft:hay_block":5,"minecraft:armadillo_scute":1,"minecraft:oak_sapling":8,"minecraft:cobblestone":55},"minecraft:mined":{"minecraft:glass_pane":8,"minecraft:oak_door":2,"minecraft:jungle_leaves":31,"minecraft:crafting_table":1,"minecraft:short_grass":101,"minecraft:grass_block":193,"minecraft:lectern":1,"minecraft:cobblestone":55,"minecraft:oak_planks":11,"minecraft:sugar_cane":26,"minecraft:wall_torch":4,"minecraft:hay_block":5,"minecraft:carrots":1,"minecraft:birch_log":1,"minecraft:fire":5,"minecraft:bell":1,"minecraft:bookshelf":4,"minecraft:oak_log":105,"minecraft:dirt_path":18,"minecraft:oak_stairs":2,"minecraft:gravel":59,"minecraft:dirt":6,"minecraft:stripped_oak_log":1,"minecraft:bamboo":1,"minecraft:oak_leaves":56,"minecraft:spruce_slab":1},"minecraft:killed":{"minecraft:spider":4,"minecraft:iron_golem":1,"minecraft:creeper":1,"minecraft:zombie":2},"minecraft:dropped":{"minecraft:wheat":18}},"DataVersion":3953}